dir,label,prediction,category
../data/OCT_cell_mask/DME/DME-778975-2.jpeg,1,.93026865,DME
../data/OCT_cell_mask/DME/DME-4336607-1.jpeg,1,.47395054,DME
../data/OCT_cell_mask/DME/DME-6716735-2.jpeg,1,.99952769,DME
../data/OCT_cell_mask/DME/DME-9488073-2.jpeg,1,.9476729,DME
../data/OCT_cell_mask/DME/DME-7585263-2.jpeg,1,.97990066,DME
../data/OCT_cell_mask/DME/DME-8729675-1.jpeg,1,.7559827,DME
../data/OCT_cell_mask/DME/DME-5071032-1.jpeg,1,.49864623,DME
../data/OCT_cell_mask/DME/DME-8177380-2.jpeg,1,.02812095,DME
../data/OCT_cell_mask/DME/DME-4240465-1.jpeg,1,.37793916,DME
../data/OCT_cell_mask/DME/DME-8602716-4.jpeg,1,.056282703,DME
../data/OCT_cell_mask/DME/DME-30521-12.jpeg,1,.97879136,DME
../data/OCT_cell_mask/DME/DME-8729675-2.jpeg,1,.002799046,DME
../data/OCT_cell_mask/DME/DME-5768195-1.jpeg,1,.93152809,DME
../data/OCT_cell_mask/DME/DME-5834001-1.jpeg,1,.99990487,DME
../data/OCT_cell_mask/DME/DME-7939555-1.jpeg,1,.95177901,DME
../data/OCT_cell_mask/DME/DME-7434518-1.jpeg,1,.037117027,DME
../data/OCT_cell_mask/DME/DME-6296605-1.jpeg,1,.87010813,DME
../data/OCT_cell_mask/DME/DME-563695-2.jpeg,1,.9729988,DME
../data/OCT_cell_mask/DME/DME-8525575-5.jpeg,1,.98703825,DME
../data/OCT_cell_mask/DME/DME-5014129-1.jpeg,1,.17750229,DME
../data/OCT_cell_mask/DME/DME-8615417-2.jpeg,1,.60648507,DME
../data/OCT_cell_mask/DME/DME-8200056-2.jpeg,1,.98395026,DME
../data/OCT_cell_mask/DME/DME-8807486-1.jpeg,1,.89495564,DME
../data/OCT_cell_mask/DME/DME-7918201-1.jpeg,1,.001212188,DME
../data/OCT_cell_mask/DME/DME-9378346-3.jpeg,1,.96886742,DME
../data/OCT_cell_mask/DME/DME-3731953-1.jpeg,1,.9956736,DME
../data/OCT_cell_mask/DME/DME-563695-1.jpeg,1,.99189246,DME
../data/OCT_cell_mask/DME/DME-7837305-1.jpeg,1,.73863673,DME
../data/OCT_cell_mask/DME/DME-9066695-1.jpeg,1,.23065798,DME
../data/OCT_cell_mask/DME/DME-8851193-1.jpeg,1,.98978418,DME
../data/OCT_cell_mask/DME/DME-8019418-1.jpeg,1,.9987306,DME
../data/OCT_cell_mask/DME/DME-7706610-2.jpeg,1,.93692029,DME
../data/OCT_cell_mask/DME/DME-7591008-1.jpeg,1,.99996364,DME
../data/OCT_cell_mask/DME/DME-7027665-1.jpeg,1,.93198669,DME
../data/OCT_cell_mask/DME/DME-1479682-1.jpeg,1,.99794382,DME
../data/OCT_cell_mask/DME/DME-6383847-1.jpeg,1,.55589193,DME
../data/OCT_cell_mask/DME/DME-8732456-1.jpeg,1,.98391193,DME
../data/OCT_cell_mask/DME/DME-633268-1.jpeg,1,.99524444,DME
../data/OCT_cell_mask/DME/DME-323904-2.jpeg,1,.96200204,DME
../data/OCT_cell_mask/DME/DME-4478609-1.jpeg,1,.98019344,DME
../data/OCT_cell_mask/DME/DME-30521-6.jpeg,1,.031838015,DME
../data/OCT_cell_mask/DME/DME-7939555-4.jpeg,1,.99069291,DME
../data/OCT_cell_mask/DME/DME-30521-9.jpeg,1,.058532879,DME
../data/OCT_cell_mask/DME/DME-6314020-1.jpeg,1,.96226043,DME
../data/OCT_cell_mask/DME/DME-4940184-1.jpeg,1,.87774158,DME
../data/OCT_cell_mask/DME/DME-8426419-1.jpeg,1,.99960977,DME
../data/OCT_cell_mask/DME/DME-82328-1.jpeg,1,.97874111,DME
../data/OCT_cell_mask/DME/DME-3475211-1.jpeg,1,.9960115,DME
../data/OCT_cell_mask/DME/DME-70266-3.jpeg,1,.99998784,DME
../data/OCT_cell_mask/DME/DME-8861620-1.jpeg,1,.96167761,DME
../data/OCT_cell_mask/DME/DME-9109143-1.jpeg,1,.89661211,DME
../data/OCT_cell_mask/DME/DME-8602716-1.jpeg,1,.56564695,DME
../data/OCT_cell_mask/DME/DME-8861620-2.jpeg,1,.64871305,DME
../data/OCT_cell_mask/DME/DME-8615417-1.jpeg,1,.98080486,DME
../data/OCT_cell_mask/DME/DME-7983936-1.jpeg,1,.99797481,DME
../data/OCT_cell_mask/DME/DME-7928636-1.jpeg,1,.70110846,DME
../data/OCT_cell_mask/DME/DME-269181-1.jpeg,1,.91930765,DME
../data/OCT_cell_mask/DME/DME-4732091-1.jpeg,1,.98180515,DME
../data/OCT_cell_mask/DME/DME-5434248-1.jpeg,1,.99489284,DME
../data/OCT_cell_mask/DME/DME-30521-10.jpeg,1,.0027615931,DME
../data/OCT_cell_mask/DME/DME-2716523-1.jpeg,1,.99121606,DME
../data/OCT_cell_mask/DME/DME-7239304-1.jpeg,1,.77970123,DME
../data/OCT_cell_mask/DME/DME-7837305-5.jpeg,1,.97485489,DME
../data/OCT_cell_mask/DME/DME-7939555-2.jpeg,1,.99622345,DME
../data/OCT_cell_mask/DME/DME-1430899-1.jpeg,1,.98488349,DME
../data/OCT_cell_mask/DME/DME-7934335-1.jpeg,1,.83117008,DME
../data/OCT_cell_mask/DME/DME-7907461-1.jpeg,1,.010030043,DME
../data/OCT_cell_mask/DME/DME-8525575-2.jpeg,1,.089758709,DME
../data/OCT_cell_mask/DME/DME-30521-13.jpeg,1,.97880018,DME
../data/OCT_cell_mask/DME/DME-119840-1.jpeg,1,.6190291,DME
../data/OCT_cell_mask/DME/DME-5912153-1.jpeg,1,.83117008,DME
../data/OCT_cell_mask/DME/DME-8525575-6.jpeg,1,.024295352,DME
../data/OCT_cell_mask/DME/DME-8889771-3.jpeg,1,.99613923,DME
../data/OCT_cell_mask/DME/DME-11053-1.jpeg,1,.018429084,DME
../data/OCT_cell_mask/DME/DME-4117019-1.jpeg,1,.29742819,DME
../data/OCT_cell_mask/DME/DME-8602716-2.jpeg,1,.49928719,DME
../data/OCT_cell_mask/DME/DME-8177380-1.jpeg,1,.83117008,DME
../data/OCT_cell_mask/DME/DME-138971-1.jpeg,1,.99542278,DME
../data/OCT_cell_mask/DME/DME-6090983-1.jpeg,1,.81212491,DME
../data/OCT_cell_mask/DME/DME-9211360-2.jpeg,1,.98707318,DME
../data/OCT_cell_mask/DME/DME-9579219-1.jpeg,1,.80554205,DME
../data/OCT_cell_mask/DME/DME-8908847-1.jpeg,1,.94076324,DME
../data/OCT_cell_mask/DME/DME-2261889-1.jpeg,1,.23194225,DME
../data/OCT_cell_mask/DME/DME-9428363-1.jpeg,1,.99568236,DME
../data/OCT_cell_mask/DME/DME-7837305-2.jpeg,1,.72210395,DME
../data/OCT_cell_mask/DME/DME-9488073-1.jpeg,1,.92264462,DME
../data/OCT_cell_mask/DME/DME-30521-11.jpeg,1,.089457557,DME
../data/OCT_cell_mask/DME/DME-1102486-3.jpeg,1,.99999619,DME
../data/OCT_cell_mask/DME/DME-7756213-1.jpeg,1,.7582562,DME
../data/OCT_cell_mask/DME/DME-2091157-1.jpeg,1,.98800349,DME
../data/OCT_cell_mask/DME/DME-8602716-3.jpeg,1,.98703766,DME
../data/OCT_cell_mask/DME/DME-7780589-1.jpeg,1,.99702954,DME
../data/OCT_cell_mask/DME/DME-8861620-3.jpeg,1,.92946136,DME
../data/OCT_cell_mask/DME/DME-462675-1.jpeg,1,.99268883,DME
../data/OCT_cell_mask/DME/DME-269181-2.jpeg,1,.92689997,DME
../data/OCT_cell_mask/DME/DME-8136649-1.jpeg,1,.003447047,DME
../data/OCT_cell_mask/DME/DME-8019418-2.jpeg,1,.98088628,DME
../data/OCT_cell_mask/DME/DME-5796574-1.jpeg,1,.98284018,DME
../data/OCT_cell_mask/DME/DME-3791742-1.jpeg,1,.94884193,DME
../data/OCT_cell_mask/DME/DME-671384-1.jpeg,1,.061554719,DME
../data/OCT_cell_mask/DME/DME-4658666-1.jpeg,1,.88882726,DME
../data/OCT_cell_mask/DME/DME-7843891-1.jpeg,1,.83117008,DME
../data/OCT_cell_mask/DME/DME-5864085-1.jpeg,1,.99699497,DME
../data/OCT_cell_mask/DME/DME-5072525-1.jpeg,1,.99838412,DME
../data/OCT_cell_mask/DME/DME-5760454-1.jpeg,1,.89138484,DME
../data/OCT_cell_mask/DME/DME-5713682-1.jpeg,1,.97864896,DME
../data/OCT_cell_mask/DME/DME-5465575-1.jpeg,1,.99528354,DME
../data/OCT_cell_mask/DME/DME-98994-1.jpeg,1,.98418587,DME
../data/OCT_cell_mask/DME/DME-7870558-3.jpeg,1,.9533326,DME
../data/OCT_cell_mask/DME/DME-9504297-1.jpeg,1,.99992394,DME
../data/OCT_cell_mask/DME/DME-7706610-3.jpeg,1,.70300984,DME
../data/OCT_cell_mask/DME/DME-8021831-1.jpeg,1,.98074198,DME
../data/OCT_cell_mask/DME/DME-9361825-1.jpeg,1,.98849022,DME
../data/OCT_cell_mask/DME/DME-8635355-2.jpeg,1,.84634364,DME
../data/OCT_cell_mask/DME/DME-9378346-2.jpeg,1,.96324211,DME
../data/OCT_cell_mask/DME/DME-8525575-7.jpeg,1,.77770185,DME
../data/OCT_cell_mask/DME/DME-7614088-1.jpeg,1,.99592602,DME
../data/OCT_cell_mask/DME/DME-3064922-1.jpeg,1,.99598503,DME
../data/OCT_cell_mask/DME/DME-2105194-1.jpeg,1,.10783408,DME
../data/OCT_cell_mask/DME/DME-1081406-1.jpeg,1,.87752515,DME
../data/OCT_cell_mask/DME/DME-2763635-1.jpeg,1,.12537426,DME
../data/OCT_cell_mask/DME/DME-7972888-1.jpeg,1,.83117008,DME
../data/OCT_cell_mask/DME/DME-7194085-1.jpeg,1,.44568679,DME
../data/OCT_cell_mask/DME/DME-8457431-1.jpeg,1,.99904007,DME
../data/OCT_cell_mask/DME/DME-4146088-1.jpeg,1,.070568226,DME
../data/OCT_cell_mask/DME/DME-8177380-3.jpeg,1,.038998887,DME
../data/OCT_cell_mask/DME/DME-30521-2.jpeg,1,.97854054,DME
../data/OCT_cell_mask/DME/DME-8525575-4.jpeg,1,.98521554,DME
../data/OCT_cell_mask/DME/DME-8635355-1.jpeg,1,.93787193,DME
../data/OCT_cell_mask/DME/DME-7763916-1.jpeg,1,.83117008,DME
../data/OCT_cell_mask/DME/DME-1274315-1.jpeg,1,.99954033,DME
../data/OCT_cell_mask/DME/DME-5843591-1.jpeg,1,.095352098,DME
../data/OCT_cell_mask/DME/DME-37503-1.jpeg,1,.90447897,DME
../data/OCT_cell_mask/DME/DME-8766603-1.jpeg,1,.65141898,DME
../data/OCT_cell_mask/DME/DME-30521-7.jpeg,1,.14121346,DME
../data/OCT_cell_mask/DME/DME-8989419-1.jpeg,1,.99334538,DME
../data/OCT_cell_mask/DME/DME-1102486-4.jpeg,1,.99888462,DME
../data/OCT_cell_mask/DME/DME-30521-1.jpeg,1,.96800095,DME
../data/OCT_cell_mask/DME/DME-5656004-1.jpeg,1,.40181777,DME
../data/OCT_cell_mask/DME/DME-15208-2.jpeg,1,.025534064,DME
../data/OCT_cell_mask/DME/DME-4079773-1.jpeg,1,.82364643,DME
../data/OCT_cell_mask/DME/DME-3288089-1.jpeg,1,.93858308,DME
../data/OCT_cell_mask/DME/DME-8589279-1.jpeg,1,.99807215,DME
../data/OCT_cell_mask/DME/DME-8019418-4.jpeg,1,.96404761,DME
../data/OCT_cell_mask/DME/DME-138971-2.jpeg,1,.65426809,DME
../data/OCT_cell_mask/DME/DME-30521-3.jpeg,1,.89087951,DME
../data/OCT_cell_mask/DME/DME-7469235-1.jpeg,1,.970882,DME
../data/OCT_cell_mask/DME/DME-7558688-1.jpeg,1,.94106001,DME
../data/OCT_cell_mask/DME/DME-306172-1.jpeg,1,.9887051,DME
../data/OCT_cell_mask/DME/DME-8525575-1.jpeg,1,.88285041,DME
../data/OCT_cell_mask/DME/DME-8130267-1.jpeg,1,.9997775,DME
../data/OCT_cell_mask/DME/DME-7650134-1.jpeg,1,.8064931,DME
../data/OCT_cell_mask/DME/DME-5497895-1.jpeg,1,.93609077,DME
../data/OCT_cell_mask/DME/DME-7870558-1.jpeg,1,.7443381,DME
../data/OCT_cell_mask/DME/DME-7585263-1.jpeg,1,.99427348,DME
../data/OCT_cell_mask/DME/DME-8218042-1.jpeg,1,.20859832,DME
../data/OCT_cell_mask/DME/DME-4634094-1.jpeg,1,.93480277,DME
../data/OCT_cell_mask/DME/DME-4989358-1.jpeg,1,.52752417,DME
../data/OCT_cell_mask/DME/DME-8477096-1.jpeg,1,.9678784,DME
../data/OCT_cell_mask/DME/DME-30521-8.jpeg,1,.050410863,DME
../data/OCT_cell_mask/DME/DME-7650134-2.jpeg,1,.78069091,DME
../data/OCT_cell_mask/DME/DME-8366524-2.jpeg,1,.033092387,DME
../data/OCT_cell_mask/DME/DME-7870558-4.jpeg,1,.95868105,DME
../data/OCT_cell_mask/DME/DME-5981434-1.jpeg,1,.98793858,DME
../data/OCT_cell_mask/DME/DME-6151003-1.jpeg,1,.0064258501,DME
../data/OCT_cell_mask/DME/DME-7990001-1.jpeg,1,.98222393,DME
../data/OCT_cell_mask/DME/DME-4732091-2.jpeg,1,.99402833,DME
../data/OCT_cell_mask/DME/DME-7918201-2.jpeg,1,.085555419,DME
../data/OCT_cell_mask/DME/DME-323904-1.jpeg,1,.80450076,DME
../data/OCT_cell_mask/DME/DME-9211360-1.jpeg,1,.99913305,DME
../data/OCT_cell_mask/DME/DME-1102486-1.jpeg,1,.99999166,DME
../data/OCT_cell_mask/DME/DME-9378346-1.jpeg,1,.98991758,DME
../data/OCT_cell_mask/DME/DME-8019418-3.jpeg,1,.9611401,DME
../data/OCT_cell_mask/DME/DME-2630113-1.jpeg,1,.063619025,DME
../data/OCT_cell_mask/DME/DME-7846574-1.jpeg,1,.98834676,DME
../data/OCT_cell_mask/DME/DME-8889771-4.jpeg,1,.99507821,DME
../data/OCT_cell_mask/DME/DME-4298019-1.jpeg,1,.11525529,DME
../data/OCT_cell_mask/DME/DME-8000885-1.jpeg,1,.99924159,DME
../data/OCT_cell_mask/DME/DME-4616882-1.jpeg,1,.39074337,DME
../data/OCT_cell_mask/DME/DME-70266-1.jpeg,1,.99539477,DME
../data/OCT_cell_mask/DME/DME-6716735-1.jpeg,1,.74470586,DME
../data/OCT_cell_mask/DME/DME-57603-1.jpeg,1,.83106744,DME
../data/OCT_cell_mask/DME/DME-4897748-1.jpeg,1,.99910516,DME
../data/OCT_cell_mask/DME/DME-1102486-2.jpeg,1,.99993622,DME
../data/OCT_cell_mask/DME/DME-98994-2.jpeg,1,.99399406,DME
../data/OCT_cell_mask/DME/DME-70266-2.jpeg,1,.99970669,DME
../data/OCT_cell_mask/DME/DME-778975-1.jpeg,1,.76265645,DME
../data/OCT_cell_mask/DME/DME-8056259-1.jpeg,1,.99221569,DME
../data/OCT_cell_mask/DME/DME-8200056-1.jpeg,1,.90083939,DME
../data/OCT_cell_mask/DME/DME-3810791-1.jpeg,1,.99794489,DME
../data/OCT_cell_mask/DME/DME-9333524-1.jpeg,1,.93460733,DME
../data/OCT_cell_mask/DME/DME-8366524-1.jpeg,1,.0041462872,DME
../data/OCT_cell_mask/DME/DME-8231523-1.jpeg,1,.80689251,DME
../data/OCT_cell_mask/DME/DME-30521-4.jpeg,1,.93552673,DME
../data/OCT_cell_mask/DME/DME-9557298-1.jpeg,1,.95674676,DME
../data/OCT_cell_mask/DME/DME-4240465-2.jpeg,1,.50113505,DME
../data/OCT_cell_mask/DME/DME-4244491-1.jpeg,1,.99997759,DME
../data/OCT_cell_mask/DME/DME-3921035-1.jpeg,1,.1751146,DME
../data/OCT_cell_mask/DME/DME-7578162-1.jpeg,1,.24094018,DME
../data/OCT_cell_mask/DME/DME-4634094-2.jpeg,1,.99142718,DME
../data/OCT_cell_mask/DME/DME-8200056-3.jpeg,1,.99813974,DME
../data/OCT_cell_mask/DME/DME-8889771-2.jpeg,1,.99370253,DME
../data/OCT_cell_mask/DME/DME-8889771-1.jpeg,1,.39936039,DME
../data/OCT_cell_mask/DME/DME-269181-3.jpeg,1,.88656455,DME
../data/OCT_cell_mask/DME/DME-910956-1.jpeg,1,.30949548,DME
../data/OCT_cell_mask/DME/DME-8469406-1.jpeg,1,.99569303,DME
../data/OCT_cell_mask/DME/DME-7939555-5.jpeg,1,.96266258,DME
../data/OCT_cell_mask/DME/DME-7870558-2.jpeg,1,.87449425,DME
../data/OCT_cell_mask/DME/DME-7585263-3.jpeg,1,.93931109,DME
../data/OCT_cell_mask/DME/DME-7432714-1.jpeg,1,.11596645,DME
../data/OCT_cell_mask/DME/DME-2126962-1.jpeg,1,.96281826,DME
../data/OCT_cell_mask/DME/DME-2556938-1.jpeg,1,.38927245,DME
../data/OCT_cell_mask/DME/DME-8525575-8.jpeg,1,.035584338,DME
../data/OCT_cell_mask/DME/DME-5796574-2.jpeg,1,.98032057,DME
../data/OCT_cell_mask/DME/DME-15208-1.jpeg,1,.9832629,DME
../data/OCT_cell_mask/DME/DME-4804900-1.jpeg,1,.40857339,DME
../data/OCT_cell_mask/DME/DME-5975636-1.jpeg,1,.14488426,DME
../data/OCT_cell_mask/DME/DME-7793366-1.jpeg,1,.27932557,DME
../data/OCT_cell_mask/DME/DME-6434323-1.jpeg,1,.99372995,DME
../data/OCT_cell_mask/DME/DME-7706610-1.jpeg,1,.90984589,DME
../data/OCT_cell_mask/DME/DME-5802218-1.jpeg,1,.89578003,DME
../data/OCT_cell_mask/DME/DME-1274315-2.jpeg,1,.99996138,DME
../data/OCT_cell_mask/DME/DME-7928636-2.jpeg,1,.81538332,DME
../data/OCT_cell_mask/DME/DME-8847144-1.jpeg,1,.99999774,DME
../data/OCT_cell_mask/DME/DME-8167779-1.jpeg,1,.62431878,DME
../data/OCT_cell_mask/DME/DME-8525575-3.jpeg,1,.89505953,DME
../data/OCT_cell_mask/DME/DME-7503514-1.jpeg,1,.83203262,DME
../data/OCT_cell_mask/DME/DME-8080050-1.jpeg,1,.98686868,DME
../data/OCT_cell_mask/DME/DME-8472707-1.jpeg,1,.68115366,DME
../data/OCT_cell_mask/DME/DME-7573590-1.jpeg,1,.97327209,DME
../data/OCT_cell_mask/DME/DME-3722280-1.jpeg,1,.12376361,DME
../data/OCT_cell_mask/DME/DME-2630665-1.jpeg,1,.99999988,DME
../data/OCT_cell_mask/DME/DME-9241179-1.jpeg,1,.40103874,DME
../data/OCT_cell_mask/DME/DME-8426419-2.jpeg,1,.99999011,DME
../data/OCT_cell_mask/DME/DME-7837305-4.jpeg,1,.39959025,DME
../data/OCT_cell_mask/DME/DME-7837305-3.jpeg,1,.018326189,DME
../data/OCT_cell_mask/DME/DME-7939555-3.jpeg,1,.78373319,DME
../data/OCT_cell_mask/DME/DME-7757895-1.jpeg,1,.92253447,DME
../data/OCT_cell_mask/DME/DME-30521-5.jpeg,1,.99885118,DME
../data/OCT_cell_mask/DME/DME-3157783-1.jpeg,1,.99611795,DME
../data/OCT_cell_mask/DME/DME-5014129-2.jpeg,1,.98231149,DME
../data/OCT_cell_mask/DME/DME-7248535-1.jpeg,1,.99976653,DME
../data/OCT_cell_mask/NORMAL/NORMAL-2120559-2.jpeg,0,.030223766,NORMAL
../data/OCT_cell_mask/NORMAL/NORMAL-2011412-1.jpeg,0,.88376015,NORMAL
../data/OCT_cell_mask/NORMAL/NORMAL-1017237-1.jpeg,0,.0042192191,NORMAL
../data/OCT_cell_mask/NORMAL/NORMAL-2010714-1.jpeg,0,.073565699,NORMAL
../data/OCT_cell_mask/NORMAL/NORMAL-3398969-1.jpeg,0,.24533242,NORMAL
../data/OCT_cell_mask/NORMAL/NORMAL-12494-1.jpeg,0,.043932077,NORMAL
../data/OCT_cell_mask/NORMAL/NORMAL-3561306-2.jpeg,0,.014043304,NORMAL
../data/OCT_cell_mask/NORMAL/NORMAL-450923-2.jpeg,0,.1290682,NORMAL
../data/OCT_cell_mask/NORMAL/NORMAL-2182640-1.jpeg,0,.027633866,NORMAL
../data/OCT_cell_mask/NORMAL/NORMAL-85367-1.jpeg,0,.025844738,NORMAL
../data/OCT_cell_mask/NORMAL/NORMAL-2226488-1.jpeg,0,.83117008,NORMAL
../data/OCT_cell_mask/NORMAL/NORMAL-582215-1.jpeg,0,.055166654,NORMAL
../data/OCT_cell_mask/NORMAL/NORMAL-2448954-1.jpeg,0,.003666159,NORMAL
../data/OCT_cell_mask/NORMAL/NORMAL-60471-1.jpeg,0,.024531256,NORMAL
../data/OCT_cell_mask/NORMAL/NORMAL-3134896-1.jpeg,0,.27343184,NORMAL
../data/OCT_cell_mask/NORMAL/NORMAL-447690-1.jpeg,0,.027086493,NORMAL
../data/OCT_cell_mask/NORMAL/NORMAL-2075832-1.jpeg,0,.93975276,NORMAL
../data/OCT_cell_mask/NORMAL/NORMAL-2769622-1.jpeg,0,.001697698,NORMAL
../data/OCT_cell_mask/NORMAL/NORMAL-672619-1.jpeg,0,.022375913,NORMAL
../data/OCT_cell_mask/NORMAL/NORMAL-76914-1.jpeg,0,.0161695,NORMAL
../data/OCT_cell_mask/NORMAL/NORMAL-1957379-1.jpeg,0,.031412639,NORMAL
../data/OCT_cell_mask/NORMAL/NORMAL-37818-1.jpeg,0,.079384752,NORMAL
../data/OCT_cell_mask/NORMAL/NORMAL-3244919-1.jpeg,0,.021036634,NORMAL
../data/OCT_cell_mask/NORMAL/NORMAL-1025847-1.jpeg,0,.00071429799,NORMAL
../data/OCT_cell_mask/NORMAL/NORMAL-2351012-1.jpeg,0,.010838378,NORMAL
../data/OCT_cell_mask/NORMAL/NORMAL-1988065-1.jpeg,0,.07455074,NORMAL
../data/OCT_cell_mask/NORMAL/NORMAL-549356-2.jpeg,0,.042967178,NORMAL
../data/OCT_cell_mask/NORMAL/NORMAL-98720-1.jpeg,0,.76577944,NORMAL
../data/OCT_cell_mask/NORMAL/NORMAL-133321-1.jpeg,0,.45082673,NORMAL
../data/OCT_cell_mask/NORMAL/NORMAL-1989796-1.jpeg,0,.054655731,NORMAL
../data/OCT_cell_mask/NORMAL/NORMAL-348347-1.jpeg,0,.017066734,NORMAL
../data/OCT_cell_mask/NORMAL/NORMAL-574089-1.jpeg,0,.027484993,NORMAL
../data/OCT_cell_mask/NORMAL/NORMAL-446851-1.jpeg,0,.45089346,NORMAL
../data/OCT_cell_mask/NORMAL/NORMAL-3059523-1.jpeg,0,.030614439,NORMAL
../data/OCT_cell_mask/NORMAL/NORMAL-450923-1.jpeg,0,.037749566,NORMAL
../data/OCT_cell_mask/NORMAL/NORMAL-402066-5.jpeg,0,.31327742,NORMAL
../data/OCT_cell_mask/NORMAL/NORMAL-3390782-1.jpeg,0,.14264978,NORMAL
../data/OCT_cell_mask/NORMAL/NORMAL-486271-1.jpeg,0,.0042780619,NORMAL
../data/OCT_cell_mask/NORMAL/NORMAL-36734-1.jpeg,0,.011222475,NORMAL
../data/OCT_cell_mask/NORMAL/NORMAL-628048-1.jpeg,0,.031750493,NORMAL
../data/OCT_cell_mask/NORMAL/NORMAL-544711-1.jpeg,0,.18089955,NORMAL
../data/OCT_cell_mask/NORMAL/NORMAL-4790999-1.jpeg,0,.0059753861,NORMAL
../data/OCT_cell_mask/NORMAL/NORMAL-9251-1.jpeg,0,.0092440462,NORMAL
../data/OCT_cell_mask/NORMAL/NORMAL-84466-1.jpeg,0,.050261278,NORMAL
../data/OCT_cell_mask/NORMAL/NORMAL-33350-3.jpeg,0,.54996014,NORMAL
../data/OCT_cell_mask/NORMAL/NORMAL-351109-1.jpeg,0,.83117008,NORMAL
../data/OCT_cell_mask/NORMAL/NORMAL-2055634-1.jpeg,0,.006723505,NORMAL
../data/OCT_cell_mask/NORMAL/NORMAL-2459401-1.jpeg,0,.018150026,NORMAL
../data/OCT_cell_mask/NORMAL/NORMAL-1063128-1.jpeg,0,.026913796,NORMAL
../data/OCT_cell_mask/NORMAL/NORMAL-3277704-1.jpeg,0,.012475064,NORMAL
../data/OCT_cell_mask/NORMAL/NORMAL-443980-1.jpeg,0,.021378726,NORMAL
../data/OCT_cell_mask/NORMAL/NORMAL-2602596-1.jpeg,0,.023786483,NORMAL
../data/OCT_cell_mask/NORMAL/NORMAL-552739-1.jpeg,0,.15770687,NORMAL
../data/OCT_cell_mask/NORMAL/NORMAL-655447-1.jpeg,0,.83117008,NORMAL
../data/OCT_cell_mask/NORMAL/NORMAL-1038998-1.jpeg,0,.012118571,NORMAL
../data/OCT_cell_mask/NORMAL/NORMAL-772481-1.jpeg,0,.026040385,NORMAL
../data/OCT_cell_mask/NORMAL/NORMAL-1058176-1.jpeg,0,.015988225,NORMAL
../data/OCT_cell_mask/NORMAL/NORMAL-2082689-1.jpeg,0,.064820245,NORMAL
../data/OCT_cell_mask/NORMAL/NORMAL-33637-1.jpeg,0,.019485097,NORMAL
../data/OCT_cell_mask/NORMAL/NORMAL-3361750-1.jpeg,0,.004941395,NORMAL
../data/OCT_cell_mask/NORMAL/NORMAL-557437-2.jpeg,0,.070516981,NORMAL
../data/OCT_cell_mask/NORMAL/NORMAL-2342517-1.jpeg,0,.018678134,NORMAL
../data/OCT_cell_mask/NORMAL/NORMAL-402066-4.jpeg,0,.035096623,NORMAL
../data/OCT_cell_mask/NORMAL/NORMAL-469935-1.jpeg,0,.041564405,NORMAL
../data/OCT_cell_mask/NORMAL/NORMAL-223814-1.jpeg,0,.11770054,NORMAL
../data/OCT_cell_mask/NORMAL/NORMAL-3103940-1.jpeg,0,.0078292415,NORMAL
../data/OCT_cell_mask/NORMAL/NORMAL-549356-3.jpeg,0,.013355606,NORMAL
../data/OCT_cell_mask/NORMAL/NORMAL-447690-2.jpeg,0,.010139817,NORMAL
../data/OCT_cell_mask/NORMAL/NORMAL-2493975-1.jpeg,0,.050089989,NORMAL
../data/OCT_cell_mask/NORMAL/NORMAL-66515-1.jpeg,0,.81563115,NORMAL
../data/OCT_cell_mask/NORMAL/NORMAL-1853526-1.jpeg,0,.014341257,NORMAL
../data/OCT_cell_mask/NORMAL/NORMAL-12494-2.jpeg,0,.030632323,NORMAL
../data/OCT_cell_mask/NORMAL/NORMAL-3320960-1.jpeg,0,.016185923,NORMAL
../data/OCT_cell_mask/NORMAL/NORMAL-33350-1.jpeg,0,.072493114,NORMAL
../data/OCT_cell_mask/NORMAL/NORMAL-466978-1.jpeg,0,.023283303,NORMAL
../data/OCT_cell_mask/NORMAL/NORMAL-3308307-1.jpeg,0,.31132692,NORMAL
../data/OCT_cell_mask/NORMAL/NORMAL-2434258-1.jpeg,0,.022194533,NORMAL
../data/OCT_cell_mask/NORMAL/NORMAL-1951042-1.jpeg,0,.089539073,NORMAL
../data/OCT_cell_mask/NORMAL/NORMAL-2231056-1.jpeg,0,.03510673,NORMAL
../data/OCT_cell_mask/NORMAL/NORMAL-2366700-1.jpeg,0,.063741781,NORMAL
../data/OCT_cell_mask/NORMAL/NORMAL-2665491-1.jpeg,0,.022306142,NORMAL
../data/OCT_cell_mask/NORMAL/NORMAL-2316423-1.jpeg,0,.047973871,NORMAL
../data/OCT_cell_mask/NORMAL/NORMAL-2636641-1.jpeg,0,.011508469,NORMAL
../data/OCT_cell_mask/NORMAL/NORMAL-3399839-1.jpeg,0,.050069198,NORMAL
../data/OCT_cell_mask/NORMAL/NORMAL-2197972-1.jpeg,0,.066747308,NORMAL
../data/OCT_cell_mask/NORMAL/NORMAL-524640-1.jpeg,0,.0074207089,NORMAL
../data/OCT_cell_mask/NORMAL/NORMAL-2517546-1.jpeg,0,.0064643021,NORMAL
../data/OCT_cell_mask/NORMAL/NORMAL-3561306-1.jpeg,0,.041575529,NORMAL
../data/OCT_cell_mask/NORMAL/NORMAL-2705520-1.jpeg,0,.00083442399,NORMAL
../data/OCT_cell_mask/NORMAL/NORMAL-697826-1.jpeg,0,.014612072,NORMAL
../data/OCT_cell_mask/NORMAL/NORMAL-1746717-1.jpeg,0,.32872322,NORMAL
../data/OCT_cell_mask/NORMAL/NORMAL-101880-1.jpeg,0,.041667495,NORMAL
../data/OCT_cell_mask/NORMAL/NORMAL-112928-1.jpeg,0,.010032771,NORMAL
../data/OCT_cell_mask/NORMAL/NORMAL-438684-2.jpeg,0,.095496424,NORMAL
../data/OCT_cell_mask/NORMAL/NORMAL-2120559-1.jpeg,0,.023744909,NORMAL
../data/OCT_cell_mask/NORMAL/NORMAL-3538316-1.jpeg,0,.0066434792,NORMAL
../data/OCT_cell_mask/NORMAL/NORMAL-2244950-1.jpeg,0,.0071147531,NORMAL
../data/OCT_cell_mask/NORMAL/NORMAL-544457-1.jpeg,0,.0034278231,NORMAL
../data/OCT_cell_mask/NORMAL/NORMAL-1831654-1.jpeg,0,.03068335,NORMAL
../data/OCT_cell_mask/NORMAL/NORMAL-2397754-1.jpeg,0,.032859255,NORMAL
../data/OCT_cell_mask/NORMAL/NORMAL-3347645-1.jpeg,0,.061204281,NORMAL
../data/OCT_cell_mask/NORMAL/NORMAL-508852-1.jpeg,0,.94449681,NORMAL
../data/OCT_cell_mask/NORMAL/NORMAL-366503-1.jpeg,0,.014243888,NORMAL
../data/OCT_cell_mask/NORMAL/NORMAL-2019006-1.jpeg,0,.00044087201,NORMAL
../data/OCT_cell_mask/NORMAL/NORMAL-3100637-1.jpeg,0,.054150973,NORMAL
../data/OCT_cell_mask/NORMAL/NORMAL-3354044-1.jpeg,0,.96541137,NORMAL
../data/OCT_cell_mask/NORMAL/NORMAL-566040-1.jpeg,0,.023220442,NORMAL
../data/OCT_cell_mask/NORMAL/NORMAL-2416187-1.jpeg,0,.017693061,NORMAL
../data/OCT_cell_mask/NORMAL/NORMAL-1908313-1.jpeg,0,.014313648,NORMAL
../data/OCT_cell_mask/NORMAL/NORMAL-572972-1.jpeg,0,.031269807,NORMAL
../data/OCT_cell_mask/NORMAL/NORMAL-693575-1.jpeg,0,.014112246,NORMAL
../data/OCT_cell_mask/NORMAL/NORMAL-269181-1.jpeg,0,.19612147,NORMAL
../data/OCT_cell_mask/NORMAL/NORMAL-1791409-1.jpeg,0,.031841122,NORMAL
../data/OCT_cell_mask/NORMAL/NORMAL-2181272-1.jpeg,0,.0064209439,NORMAL
../data/OCT_cell_mask/NORMAL/NORMAL-3330006-1.jpeg,0,.030434743,NORMAL
../data/OCT_cell_mask/NORMAL/NORMAL-119840-1.jpeg,0,.012805135,NORMAL
../data/OCT_cell_mask/NORMAL/NORMAL-2509453-1.jpeg,0,.0098723443,NORMAL
../data/OCT_cell_mask/NORMAL/NORMAL-3451887-1.jpeg,0,.50185663,NORMAL
../data/OCT_cell_mask/NORMAL/NORMAL-2113822-1.jpeg,0,.12948771,NORMAL
../data/OCT_cell_mask/NORMAL/NORMAL-547422-1.jpeg,0,.074089266,NORMAL
../data/OCT_cell_mask/NORMAL/NORMAL-3361560-1.jpeg,0,.031628143,NORMAL
../data/OCT_cell_mask/NORMAL/NORMAL-3307598-1.jpeg,0,.40318984,NORMAL
../data/OCT_cell_mask/NORMAL/NORMAL-446851-2.jpeg,0,.06620355,NORMAL
../data/OCT_cell_mask/NORMAL/NORMAL-1081406-1.jpeg,0,.93766195,NORMAL
../data/OCT_cell_mask/NORMAL/NORMAL-402066-1.jpeg,0,.014680661,NORMAL
../data/OCT_cell_mask/NORMAL/NORMAL-1781140-1.jpeg,0,.20832188,NORMAL
../data/OCT_cell_mask/NORMAL/NORMAL-508852-2.jpeg,0,.021676319,NORMAL
../data/OCT_cell_mask/NORMAL/NORMAL-395557-1.jpeg,0,.057123359,NORMAL
../data/OCT_cell_mask/NORMAL/NORMAL-460844-1.jpeg,0,.061833832,NORMAL
../data/OCT_cell_mask/NORMAL/NORMAL-307151-1.jpeg,0,.013830356,NORMAL
../data/OCT_cell_mask/NORMAL/NORMAL-571157-1.jpeg,0,.014092332,NORMAL
../data/OCT_cell_mask/NORMAL/NORMAL-349021-1.jpeg,0,.057024125,NORMAL
../data/OCT_cell_mask/NORMAL/NORMAL-3346049-1.jpeg,0,.98722512,NORMAL
../data/OCT_cell_mask/NORMAL/NORMAL-2403175-1.jpeg,0,.05515166,NORMAL
../data/OCT_cell_mask/NORMAL/NORMAL-605310-1.jpeg,0,.057606064,NORMAL
../data/OCT_cell_mask/NORMAL/NORMAL-744709-1.jpeg,0,.0082027121,NORMAL
../data/OCT_cell_mask/NORMAL/NORMAL-3256489-1.jpeg,0,.022138271,NORMAL
../data/OCT_cell_mask/NORMAL/NORMAL-2739821-1.jpeg,0,.0012579761,NORMAL
../data/OCT_cell_mask/NORMAL/NORMAL-664536-1.jpeg,0,.022013173,NORMAL
../data/OCT_cell_mask/NORMAL/NORMAL-2287992-1.jpeg,0,.010005174,NORMAL
../data/OCT_cell_mask/NORMAL/NORMAL-3531215-1.jpeg,0,.021801155,NORMAL
../data/OCT_cell_mask/NORMAL/NORMAL-3373954-1.jpeg,0,.024689887,NORMAL
../data/OCT_cell_mask/NORMAL/NORMAL-2167295-1.jpeg,0,.015348872,NORMAL
../data/OCT_cell_mask/NORMAL/NORMAL-2424949-1.jpeg,0,.0083686374,NORMAL
../data/OCT_cell_mask/NORMAL/NORMAL-2059629-1.jpeg,0,.034001891,NORMAL
../data/OCT_cell_mask/NORMAL/NORMAL-549356-1.jpeg,0,.00036998899,NORMAL
../data/OCT_cell_mask/NORMAL/NORMAL-565818-1.jpeg,0,.0083517572,NORMAL
../data/OCT_cell_mask/NORMAL/NORMAL-338568-1.jpeg,0,.38758904,NORMAL
../data/OCT_cell_mask/NORMAL/NORMAL-438684-3.jpeg,0,.032360412,NORMAL
../data/OCT_cell_mask/NORMAL/NORMAL-2769622-2.jpeg,0,.035313234,NORMAL
../data/OCT_cell_mask/NORMAL/NORMAL-1042462-1.jpeg,0,.017145729,NORMAL
../data/OCT_cell_mask/NORMAL/NORMAL-1998191-1.jpeg,0,.043352608,NORMAL
../data/OCT_cell_mask/NORMAL/NORMAL-12494-4.jpeg,0,.072805464,NORMAL
../data/OCT_cell_mask/NORMAL/NORMAL-460711-1.jpeg,0,.057559706,NORMAL
../data/OCT_cell_mask/NORMAL/NORMAL-2579419-1.jpeg,0,.13380788,NORMAL
../data/OCT_cell_mask/NORMAL/NORMAL-655117-1.jpeg,0,.019002782,NORMAL
../data/OCT_cell_mask/NORMAL/NORMAL-2120559-3.jpeg,0,.024763895,NORMAL
../data/OCT_cell_mask/NORMAL/NORMAL-2436365-1.jpeg,0,.0092889788,NORMAL
../data/OCT_cell_mask/NORMAL/NORMAL-588227-1.jpeg,0,.95246243,NORMAL
../data/OCT_cell_mask/NORMAL/NORMAL-138971-1.jpeg,0,.026755886,NORMAL
../data/OCT_cell_mask/NORMAL/NORMAL-279206-1.jpeg,0,.004782116,NORMAL
../data/OCT_cell_mask/NORMAL/NORMAL-547422-2.jpeg,0,.95077825,NORMAL
../data/OCT_cell_mask/NORMAL/NORMAL-4839633-1.jpeg,0,.013563502,NORMAL
../data/OCT_cell_mask/NORMAL/NORMAL-2569106-1.jpeg,0,.027081039,NORMAL
../data/OCT_cell_mask/NORMAL/NORMAL-3077276-1.jpeg,0,.48674136,NORMAL
../data/OCT_cell_mask/NORMAL/NORMAL-3475211-1.jpeg,0,.013904923,NORMAL
../data/OCT_cell_mask/NORMAL/NORMAL-2627129-1.jpeg,0,.0047995378,NORMAL
../data/OCT_cell_mask/NORMAL/NORMAL-3340309-1.jpeg,0,.030267775,NORMAL
../data/OCT_cell_mask/NORMAL/NORMAL-2095710-1.jpeg,0,.018451272,NORMAL
../data/OCT_cell_mask/NORMAL/NORMAL-2633503-1.jpeg,0,.063648537,NORMAL
../data/OCT_cell_mask/NORMAL/NORMAL-2192790-1.jpeg,0,.056238219,NORMAL
../data/OCT_cell_mask/NORMAL/NORMAL-519372-1.jpeg,0,.0050112382,NORMAL
../data/OCT_cell_mask/NORMAL/NORMAL-2551333-1.jpeg,0,.044695068,NORMAL
../data/OCT_cell_mask/NORMAL/NORMAL-3307598-2.jpeg,0,.11402928,NORMAL
../data/OCT_cell_mask/NORMAL/NORMAL-3332063-1.jpeg,0,.072545491,NORMAL
../data/OCT_cell_mask/NORMAL/NORMAL-48053-1.jpeg,0,.02568217,NORMAL
../data/OCT_cell_mask/NORMAL/NORMAL-2158556-1.jpeg,0,.0081316903,NORMAL
../data/OCT_cell_mask/NORMAL/NORMAL-2709055-1.jpeg,0,.062985577,NORMAL
../data/OCT_cell_mask/NORMAL/NORMAL-3108564-1.jpeg,0,.017374737,NORMAL
../data/OCT_cell_mask/NORMAL/NORMAL-1983894-1.jpeg,0,.011266477,NORMAL
../data/OCT_cell_mask/NORMAL/NORMAL-15307-1.jpeg,0,.012350069,NORMAL
../data/OCT_cell_mask/NORMAL/NORMAL-3380901-1.jpeg,0,.013138126,NORMAL
../data/OCT_cell_mask/NORMAL/NORMAL-438684-1.jpeg,0,.025518779,NORMAL
../data/OCT_cell_mask/NORMAL/NORMAL-450532-1.jpeg,0,.01495118,NORMAL
../data/OCT_cell_mask/NORMAL/NORMAL-2362579-1.jpeg,0,.016309408,NORMAL
../data/OCT_cell_mask/NORMAL/NORMAL-4761187-1.jpeg,0,.022132723,NORMAL
../data/OCT_cell_mask/NORMAL/NORMAL-285896-1.jpeg,0,.029763315,NORMAL
../data/OCT_cell_mask/NORMAL/NORMAL-568518-1.jpeg,0,.0094251446,NORMAL
../data/OCT_cell_mask/NORMAL/NORMAL-758272-1.jpeg,0,.95857853,NORMAL
../data/OCT_cell_mask/NORMAL/NORMAL-402066-2.jpeg,0,.73978102,NORMAL
../data/OCT_cell_mask/NORMAL/NORMAL-3431386-1.jpeg,0,.1472327,NORMAL
../data/OCT_cell_mask/NORMAL/NORMAL-755659-1.jpeg,0,.0049889968,NORMAL
../data/OCT_cell_mask/NORMAL/NORMAL-2392366-1.jpeg,0,.028543424,NORMAL
../data/OCT_cell_mask/NORMAL/NORMAL-2126186-1.jpeg,0,.0071958932,NORMAL
../data/OCT_cell_mask/NORMAL/NORMAL-351109-2.jpeg,0,.061722476,NORMAL
../data/OCT_cell_mask/NORMAL/NORMAL-571484-1.jpeg,0,.95470273,NORMAL
../data/OCT_cell_mask/NORMAL/NORMAL-3166591-1.jpeg,0,.011328533,NORMAL
../data/OCT_cell_mask/NORMAL/NORMAL-2476896-1.jpeg,0,.020276627,NORMAL
../data/OCT_cell_mask/NORMAL/NORMAL-2570020-1.jpeg,0,.015452145,NORMAL
../data/OCT_cell_mask/NORMAL/NORMAL-2312921-1.jpeg,0,.076889761,NORMAL
../data/OCT_cell_mask/NORMAL/NORMAL-3220509-1.jpeg,0,.08574383,NORMAL
../data/OCT_cell_mask/NORMAL/NORMAL-2373878-1.jpeg,0,.010147749,NORMAL
../data/OCT_cell_mask/NORMAL/NORMAL-1860310-1.jpeg,0,.026829561,NORMAL
../data/OCT_cell_mask/NORMAL/NORMAL-1897894-1.jpeg,0,.046155538,NORMAL
../data/OCT_cell_mask/NORMAL/NORMAL-2131138-1.jpeg,0,.0071946159,NORMAL
../data/OCT_cell_mask/NORMAL/NORMAL-2421067-1.jpeg,0,.011489406,NORMAL
../data/OCT_cell_mask/NORMAL/NORMAL-568518-2.jpeg,0,.00095976098,NORMAL
../data/OCT_cell_mask/NORMAL/NORMAL-153950-1.jpeg,0,.0068085468,NORMAL
../data/OCT_cell_mask/NORMAL/NORMAL-33350-2.jpeg,0,.053513017,NORMAL
../data/OCT_cell_mask/NORMAL/NORMAL-307151-2.jpeg,0,.021623336,NORMAL
../data/OCT_cell_mask/NORMAL/NORMAL-3300015-1.jpeg,0,.015142998,NORMAL
../data/OCT_cell_mask/NORMAL/NORMAL-651257-1.jpeg,0,.030195793,NORMAL
../data/OCT_cell_mask/NORMAL/NORMAL-12494-5.jpeg,0,.045721609,NORMAL
../data/OCT_cell_mask/NORMAL/NORMAL-3326661-1.jpeg,0,.0076365308,NORMAL
../data/OCT_cell_mask/NORMAL/NORMAL-692554-1.jpeg,0,.024532739,NORMAL
../data/OCT_cell_mask/NORMAL/NORMAL-402066-3.jpeg,0,.011935553,NORMAL
../data/OCT_cell_mask/NORMAL/NORMAL-3465750-1.jpeg,0,.88976479,NORMAL
../data/OCT_cell_mask/NORMAL/NORMAL-366503-2.jpeg,0,.14117162,NORMAL
../data/OCT_cell_mask/NORMAL/NORMAL-2973935-1.jpeg,0,.041103516,NORMAL
../data/OCT_cell_mask/NORMAL/NORMAL-15208-1.jpeg,0,.028393619,NORMAL
../data/OCT_cell_mask/NORMAL/NORMAL-1759350-1.jpeg,0,.87581712,NORMAL
../data/OCT_cell_mask/NORMAL/NORMAL-330905-1.jpeg,0,.0061898739,NORMAL
../data/OCT_cell_mask/NORMAL/NORMAL-197082-1.jpeg,0,.055148799,NORMAL
../data/OCT_cell_mask/NORMAL/NORMAL-1907560-1.jpeg,0,.027972661,NORMAL
../data/OCT_cell_mask/NORMAL/NORMAL-2598368-1.jpeg,0,.060703136,NORMAL
../data/OCT_cell_mask/NORMAL/NORMAL-3466714-1.jpeg,0,.055501726,NORMAL
../data/OCT_cell_mask/NORMAL/NORMAL-2335256-1.jpeg,0,.014465136,NORMAL
../data/OCT_cell_mask/NORMAL/NORMAL-12494-3.jpeg,0,.001436258,NORMAL
../data/OCT_cell_mask/NORMAL/NORMAL-2350851-1.jpeg,0,.0064364099,NORMAL
../data/OCT_cell_mask/NORMAL/NORMAL-3416330-1.jpeg,0,.99860209,NORMAL
../data/OCT_cell_mask/NORMAL/NORMAL-629493-1.jpeg,0,.091799945,NORMAL
../data/OCT_cell_mask/NORMAL/NORMAL-557437-1.jpeg,0,.018191464,NORMAL
../data/OCT_cell_mask/NORMAL/NORMAL-2460548-1.jpeg,0,.10564712,NORMAL
../data/OCT_cell_mask/NORMAL/NORMAL-626127-1.jpeg,0,.000791759,NORMAL
../data/OCT_cell_mask/NORMAL/NORMAL-2549549-1.jpeg,0,.024121447,NORMAL
../data/OCT_cell_mask/NORMAL/NORMAL-2305502-1.jpeg,0,.12305573,NORMAL
../data/OCT_cell_mask/NORMAL/NORMAL-2019423-1.jpeg,0,.056105901,NORMAL
../data/OCT_cell_mask/NORMAL/NORMAL-1073137-1.jpeg,0,.85996008,NORMAL
../data/OCT_cell_mask/NORMAL/NORMAL-283376-1.jpeg,0,.0088546174,NORMAL
../data/OCT_cell_mask/NORMAL/NORMAL-2377429-1.jpeg,0,.0071609989,NORMAL
../data/OCT_cell_mask/NORMAL/NORMAL-2733663-1.jpeg,0,.0064317398,NORMAL
../data/OCT_cell_mask/NORMAL/NORMAL-2504667-1.jpeg,0,.026935564,NORMAL
../data/OCT_cell_mask/CNV/CNV-732516-1.jpeg,1,.99617237,CNV
../data/OCT_cell_mask/CNV/CNV-364469-3.jpeg,1,.99743062,CNV
../data/OCT_cell_mask/CNV/CNV-3424668-1.jpeg,1,.92909878,CNV
../data/OCT_cell_mask/CNV/CNV-5904584-3.jpeg,1,.99999797,CNV
../data/OCT_cell_mask/CNV/CNV-1997439-1.jpeg,1,.99958569,CNV
../data/OCT_cell_mask/CNV/CNV-933576-4.jpeg,1,.99902666,CNV
../data/OCT_cell_mask/CNV/CNV-5429703-2.jpeg,1,.98479337,CNV
../data/OCT_cell_mask/CNV/CNV-1016042-1.jpeg,1,.99909127,CNV
../data/OCT_cell_mask/CNV/CNV-460403-1.jpeg,1,.99999321,CNV
../data/OCT_cell_mask/CNV/CNV-172472-1.jpeg,1,.98903078,CNV
../data/OCT_cell_mask/CNV/CNV-451136-6.jpeg,1,.94767427,CNV
../data/OCT_cell_mask/CNV/CNV-1305450-1.jpeg,1,.97945809,CNV
../data/OCT_cell_mask/CNV/CNV-3541867-1.jpeg,1,.99906796,CNV
../data/OCT_cell_mask/CNV/CNV-457527-1.jpeg,1,.99860066,CNV
../data/OCT_cell_mask/CNV/CNV-137351-1.jpeg,1,.99149585,CNV
../data/OCT_cell_mask/CNV/CNV-1699976-4.jpeg,1,.99253535,CNV
../data/OCT_cell_mask/CNV/CNV-1016042-3.jpeg,1,.99756622,CNV
../data/OCT_cell_mask/CNV/CNV-172472-11.jpeg,1,.99944133,CNV
../data/OCT_cell_mask/CNV/CNV-5824631-1.jpeg,1,.95149261,CNV
../data/OCT_cell_mask/CNV/CNV-163081-9.jpeg,1,.99675316,CNV
../data/OCT_cell_mask/CNV/CNV-1415351-1.jpeg,1,.98844469,CNV
../data/OCT_cell_mask/CNV/CNV-3119854-1.jpeg,1,.93303359,CNV
../data/OCT_cell_mask/CNV/CNV-1699976-3.jpeg,1,.83117008,CNV
../data/OCT_cell_mask/CNV/CNV-103044-7.jpeg,1,.99952233,CNV
../data/OCT_cell_mask/CNV/CNV-103044-4.jpeg,1,.99938142,CNV
../data/OCT_cell_mask/CNV/CNV-1699976-5.jpeg,1,.90610892,CNV
../data/OCT_cell_mask/CNV/CNV-2959614-4.jpeg,1,.99383175,CNV
../data/OCT_cell_mask/CNV/CNV-776149-1.jpeg,1,.99399096,CNV
../data/OCT_cell_mask/CNV/CNV-6053140-1.jpeg,1,.99521858,CNV
../data/OCT_cell_mask/CNV/CNV-2168793-1.jpeg,1,.93419087,CNV
../data/OCT_cell_mask/CNV/CNV-2725524-2.jpeg,1,.99993563,CNV
../data/OCT_cell_mask/CNV/CNV-3241692-1.jpeg,1,.99820876,CNV
../data/OCT_cell_mask/CNV/CNV-865813-1.jpeg,1,.99889982,CNV
../data/OCT_cell_mask/CNV/CNV-4244160-2.jpeg,1,.99848771,CNV
../data/OCT_cell_mask/CNV/CNV-564246-1.jpeg,1,.8856377,CNV
../data/OCT_cell_mask/CNV/CNV-6215140-1.jpeg,1,.99999821,CNV
../data/OCT_cell_mask/CNV/CNV-3163547-1.jpeg,1,.995161,CNV
../data/OCT_cell_mask/CNV/CNV-2141150-1.jpeg,1,.99920636,CNV
../data/OCT_cell_mask/CNV/CNV-4740418-1.jpeg,1,.99969578,CNV
../data/OCT_cell_mask/CNV/CNV-5674369-1.jpeg,1,.99102181,CNV
../data/OCT_cell_mask/CNV/CNV-4884091-1.jpeg,1,.98057598,CNV
../data/OCT_cell_mask/CNV/CNV-81630-2.jpeg,1,.99940991,CNV
../data/OCT_cell_mask/CNV/CNV-1997439-2.jpeg,1,.99999452,CNV
../data/OCT_cell_mask/CNV/CNV-4907724-1.jpeg,1,.99851853,CNV
../data/OCT_cell_mask/CNV/CNV-3080163-1.jpeg,1,.96634156,CNV
../data/OCT_cell_mask/CNV/CNV-5054419-1.jpeg,1,.99999392,CNV
../data/OCT_cell_mask/CNV/CNV-830921-1.jpeg,1,.99586582,CNV
../data/OCT_cell_mask/CNV/CNV-5861916-5.jpeg,1,.99993598,CNV
../data/OCT_cell_mask/CNV/CNV-1188386-3.jpeg,1,.94285434,CNV
../data/OCT_cell_mask/CNV/CNV-2025105-1.jpeg,1,.99154234,CNV
../data/OCT_cell_mask/CNV/CNV-1188386-2.jpeg,1,.99694651,CNV
../data/OCT_cell_mask/CNV/CNV-457907-1.jpeg,1,.99932957,CNV
../data/OCT_cell_mask/CNV/CNV-5861916-3.jpeg,1,.99947292,CNV
../data/OCT_cell_mask/CNV/CNV-154835-2.jpeg,1,.99921763,CNV
../data/OCT_cell_mask/CNV/CNV-3618489-2.jpeg,1,.9998368,CNV
../data/OCT_cell_mask/CNV/CNV-4974377-1.jpeg,1,.91088009,CNV
../data/OCT_cell_mask/CNV/CNV-172472-4.jpeg,1,.99818331,CNV
../data/OCT_cell_mask/CNV/CNV-1997439-4.jpeg,1,.99968982,CNV
../data/OCT_cell_mask/CNV/CNV-1131664-1.jpeg,1,.99578446,CNV
../data/OCT_cell_mask/CNV/CNV-6256161-1.jpeg,1,.99878317,CNV
../data/OCT_cell_mask/CNV/CNV-5674369-4.jpeg,1,.99806911,CNV
../data/OCT_cell_mask/CNV/CNV-5861916-2.jpeg,1,.99601185,CNV
../data/OCT_cell_mask/CNV/CNV-451136-1.jpeg,1,.83117008,CNV
../data/OCT_cell_mask/CNV/CNV-904464-2.jpeg,1,.99948585,CNV
../data/OCT_cell_mask/CNV/CNV-1997439-6.jpeg,1,.97202885,CNV
../data/OCT_cell_mask/CNV/CNV-827677-1.jpeg,1,.99999416,CNV
../data/OCT_cell_mask/CNV/CNV-1997439-3.jpeg,1,.99418479,CNV
../data/OCT_cell_mask/CNV/CNV-163081-5.jpeg,1,.99975377,CNV
../data/OCT_cell_mask/CNV/CNV-1980926-1.jpeg,1,.99999166,CNV
../data/OCT_cell_mask/CNV/CNV-781814-1.jpeg,1,.83117008,CNV
../data/OCT_cell_mask/CNV/CNV-5054419-2.jpeg,1,.87818283,CNV
../data/OCT_cell_mask/CNV/CNV-2438783-1.jpeg,1,.99989128,CNV
../data/OCT_cell_mask/CNV/CNV-103044-2.jpeg,1,.99929237,CNV
../data/OCT_cell_mask/CNV/CNV-154835-1.jpeg,1,.99949348,CNV
../data/OCT_cell_mask/CNV/CNV-3200277-1.jpeg,1,.99986315,CNV
../data/OCT_cell_mask/CNV/CNV-1305450-3.jpeg,1,.99944729,CNV
../data/OCT_cell_mask/CNV/CNV-103044-9.jpeg,1,.99962306,CNV
../data/OCT_cell_mask/CNV/CNV-198660-1.jpeg,1,.99466634,CNV
../data/OCT_cell_mask/CNV/CNV-81630-3.jpeg,1,.99993801,CNV
../data/OCT_cell_mask/CNV/CNV-5603164-1.jpeg,1,.83117008,CNV
../data/OCT_cell_mask/CNV/CNV-5861916-4.jpeg,1,.98429781,CNV
../data/OCT_cell_mask/CNV/CNV-172472-9.jpeg,1,.99741411,CNV
../data/OCT_cell_mask/CNV/CNV-163081-3.jpeg,1,.99796379,CNV
../data/OCT_cell_mask/CNV/CNV-2541184-1.jpeg,1,.99959844,CNV
../data/OCT_cell_mask/CNV/CNV-375851-1.jpeg,1,.99966204,CNV
../data/OCT_cell_mask/CNV/CNV-163081-1.jpeg,1,.99348843,CNV
../data/OCT_cell_mask/CNV/CNV-933576-2.jpeg,1,.99996817,CNV
../data/OCT_cell_mask/CNV/CNV-2158821-1.jpeg,1,.99394554,CNV
../data/OCT_cell_mask/CNV/CNV-1130960-1.jpeg,1,.99613661,CNV
../data/OCT_cell_mask/CNV/CNV-6215140-2.jpeg,1,.87833863,CNV
../data/OCT_cell_mask/CNV/CNV-779442-3.jpeg,1,.98497087,CNV
../data/OCT_cell_mask/CNV/CNV-1731375-3.jpeg,1,.99752909,CNV
../data/OCT_cell_mask/CNV/CNV-1641792-2.jpeg,1,.96490741,CNV
../data/OCT_cell_mask/CNV/CNV-1260317-1.jpeg,1,.99484575,CNV
../data/OCT_cell_mask/CNV/CNV-204397-1.jpeg,1,.96208173,CNV
../data/OCT_cell_mask/CNV/CNV-1083927-1.jpeg,1,.99776268,CNV
../data/OCT_cell_mask/CNV/CNV-1112835-2.jpeg,1,.99692231,CNV
../data/OCT_cell_mask/CNV/CNV-5429703-1.jpeg,1,.99998713,CNV
../data/OCT_cell_mask/CNV/CNV-2141150-2.jpeg,1,.99937218,CNV
../data/OCT_cell_mask/CNV/CNV-3030629-1.jpeg,1,.94087899,CNV
../data/OCT_cell_mask/CNV/CNV-3241692-2.jpeg,1,.99999821,CNV
../data/OCT_cell_mask/CNV/CNV-5674369-3.jpeg,1,.99393201,CNV
../data/OCT_cell_mask/CNV/CNV-6190971-1.jpeg,1,.99978882,CNV
../data/OCT_cell_mask/CNV/CNV-172472-2.jpeg,1,.99500531,CNV
../data/OCT_cell_mask/CNV/CNV-4283050-2.jpeg,1,.99205279,CNV
../data/OCT_cell_mask/CNV/CNV-4274486-1.jpeg,1,.98946673,CNV
../data/OCT_cell_mask/CNV/CNV-2692822-1.jpeg,1,.99967396,CNV
../data/OCT_cell_mask/CNV/CNV-5536678-2.jpeg,1,.99999952,CNV
../data/OCT_cell_mask/CNV/CNV-364469-2.jpeg,1,.99974853,CNV
../data/OCT_cell_mask/CNV/CNV-81630-1.jpeg,1,.99979132,CNV
../data/OCT_cell_mask/CNV/CNV-5557306-1.jpeg,1,.9907555,CNV
../data/OCT_cell_mask/CNV/CNV-1784116-1.jpeg,1,.99758697,CNV
../data/OCT_cell_mask/CNV/CNV-103044-10.jpeg,1,.98306978,CNV
../data/OCT_cell_mask/CNV/CNV-417468-1.jpeg,1,.998546,CNV
../data/OCT_cell_mask/CNV/CNV-1730592-1.jpeg,1,.99264258,CNV
../data/OCT_cell_mask/CNV/CNV-1730592-2.jpeg,1,.98509717,CNV
../data/OCT_cell_mask/CNV/CNV-5969175-1.jpeg,1,.99997246,CNV
../data/OCT_cell_mask/CNV/CNV-1188386-1.jpeg,1,.92714596,CNV
../data/OCT_cell_mask/CNV/CNV-1290410-2.jpeg,1,.97464061,CNV
../data/OCT_cell_mask/CNV/CNV-3213586-1.jpeg,1,.99981505,CNV
../data/OCT_cell_mask/CNV/CNV-1632795-1.jpeg,1,.9972868,CNV
../data/OCT_cell_mask/CNV/CNV-5536678-1.jpeg,1,.99790609,CNV
../data/OCT_cell_mask/CNV/CNV-451136-2.jpeg,1,.83117008,CNV
../data/OCT_cell_mask/CNV/CNV-2350851-1.jpeg,1,.99998879,CNV
../data/OCT_cell_mask/CNV/CNV-954024-1.jpeg,1,.99461454,CNV
../data/OCT_cell_mask/CNV/CNV-779442-2.jpeg,1,.9993037,CNV
../data/OCT_cell_mask/CNV/CNV-904464-3.jpeg,1,.99767417,CNV
../data/OCT_cell_mask/CNV/CNV-1305450-2.jpeg,1,.99974161,CNV
../data/OCT_cell_mask/CNV/CNV-1305450-4.jpeg,1,.99144101,CNV
../data/OCT_cell_mask/CNV/CNV-1731375-1.jpeg,1,.9721452,CNV
../data/OCT_cell_mask/CNV/CNV-4674526-1.jpeg,1,.83117008,CNV
../data/OCT_cell_mask/CNV/CNV-743852-1.jpeg,1,.9976266,CNV
../data/OCT_cell_mask/CNV/CNV-624911-1.jpeg,1,.94204623,CNV
../data/OCT_cell_mask/CNV/CNV-1894770-2.jpeg,1,.99685764,CNV
../data/OCT_cell_mask/CNV/CNV-4464785-1.jpeg,1,.99993742,CNV
../data/OCT_cell_mask/CNV/CNV-81630-4.jpeg,1,.99998569,CNV
../data/OCT_cell_mask/CNV/CNV-624911-2.jpeg,1,.99111837,CNV
../data/OCT_cell_mask/CNV/CNV-53018-2.jpeg,1,.95118803,CNV
../data/OCT_cell_mask/CNV/CNV-163081-2.jpeg,1,.99086612,CNV
../data/OCT_cell_mask/CNV/CNV-779442-1.jpeg,1,.94996864,CNV
../data/OCT_cell_mask/CNV/CNV-4775389-1.jpeg,1,.99990118,CNV
../data/OCT_cell_mask/CNV/CNV-5813701-1.jpeg,1,.99804819,CNV
../data/OCT_cell_mask/CNV/CNV-1699976-2.jpeg,1,.94786906,CNV
../data/OCT_cell_mask/CNV/CNV-451136-7.jpeg,1,.9996506,CNV
../data/OCT_cell_mask/CNV/CNV-987193-2.jpeg,1,.99999011,CNV
../data/OCT_cell_mask/CNV/CNV-103044-1.jpeg,1,.9967103,CNV
../data/OCT_cell_mask/CNV/CNV-3616460-1.jpeg,1,.99362421,CNV
../data/OCT_cell_mask/CNV/CNV-1188386-4.jpeg,1,.99820888,CNV
../data/OCT_cell_mask/CNV/CNV-538779-2.jpeg,1,.99946755,CNV
../data/OCT_cell_mask/CNV/CNV-1997439-7.jpeg,1,.99963748,CNV
../data/OCT_cell_mask/CNV/CNV-2438783-2.jpeg,1,.99006677,CNV
../data/OCT_cell_mask/CNV/CNV-2177326-1.jpeg,1,.99996233,CNV
../data/OCT_cell_mask/CNV/CNV-5594757-2.jpeg,1,.999892,CNV
../data/OCT_cell_mask/CNV/CNV-2192440-1.jpeg,1,.99999952,CNV
../data/OCT_cell_mask/CNV/CNV-1112835-1.jpeg,1,.99854338,CNV
../data/OCT_cell_mask/CNV/CNV-4244160-1.jpeg,1,.99999428,CNV
../data/OCT_cell_mask/CNV/CNV-1177084-1.jpeg,1,.9014346,CNV
../data/OCT_cell_mask/CNV/CNV-172472-7.jpeg,1,.99386472,CNV
../data/OCT_cell_mask/CNV/CNV-451136-3.jpeg,1,.99815112,CNV
../data/OCT_cell_mask/CNV/CNV-2632189-1.jpeg,1,.99443638,CNV
../data/OCT_cell_mask/CNV/CNV-163081-4.jpeg,1,.99806339,CNV
../data/OCT_cell_mask/CNV/CNV-103044-11.jpeg,1,.99976629,CNV
../data/OCT_cell_mask/CNV/CNV-2959614-3.jpeg,1,.99938333,CNV
../data/OCT_cell_mask/CNV/CNV-538779-1.jpeg,1,.97855532,CNV
../data/OCT_cell_mask/CNV/CNV-2959614-2.jpeg,1,.96349293,CNV
../data/OCT_cell_mask/CNV/CNV-451136-4.jpeg,1,.99589634,CNV
../data/OCT_cell_mask/CNV/CNV-2959614-1.jpeg,1,.99938512,CNV
../data/OCT_cell_mask/CNV/CNV-1016042-2.jpeg,1,.94000298,CNV
../data/OCT_cell_mask/CNV/CNV-172472-6.jpeg,1,.99984288,CNV
../data/OCT_cell_mask/CNV/CNV-3459091-1.jpeg,1,.98099822,CNV
../data/OCT_cell_mask/CNV/CNV-5457415-1.jpeg,1,.99950302,CNV
../data/OCT_cell_mask/CNV/CNV-1699976-1.jpeg,1,.86525995,CNV
../data/OCT_cell_mask/CNV/CNV-5813701-2.jpeg,1,.92990869,CNV
../data/OCT_cell_mask/CNV/CNV-624911-3.jpeg,1,.99531955,CNV
../data/OCT_cell_mask/CNV/CNV-53018-1.jpeg,1,.99048877,CNV
../data/OCT_cell_mask/CNV/CNV-3432812-1.jpeg,1,.99994719,CNV
../data/OCT_cell_mask/CNV/CNV-5674369-5.jpeg,1,.99864036,CNV
../data/OCT_cell_mask/CNV/CNV-987193-1.jpeg,1,.99840999,CNV
../data/OCT_cell_mask/CNV/CNV-2192440-2.jpeg,1,.95766741,CNV
../data/OCT_cell_mask/CNV/CNV-3200277-2.jpeg,1,.99993503,CNV
../data/OCT_cell_mask/CNV/CNV-5431636-2.jpeg,1,.92461026,CNV
../data/OCT_cell_mask/CNV/CNV-3080163-2.jpeg,1,.92002088,CNV
../data/OCT_cell_mask/CNV/CNV-103044-5.jpeg,1,.9980197,CNV
../data/OCT_cell_mask/CNV/CNV-163081-10.jpeg,1,.99998784,CNV
../data/OCT_cell_mask/CNV/CNV-5594757-1.jpeg,1,.96655399,CNV
../data/OCT_cell_mask/CNV/CNV-3618489-1.jpeg,1,.99994445,CNV
../data/OCT_cell_mask/CNV/CNV-2158821-2.jpeg,1,.99303269,CNV
../data/OCT_cell_mask/CNV/CNV-732516-2.jpeg,1,.99981564,CNV
../data/OCT_cell_mask/CNV/CNV-172472-3.jpeg,1,.97274858,CNV
../data/OCT_cell_mask/CNV/CNV-2760476-1.jpeg,1,.9985202,CNV
../data/OCT_cell_mask/CNV/CNV-172472-8.jpeg,1,.9997384,CNV
../data/OCT_cell_mask/CNV/CNV-933576-1.jpeg,1,.9999944,CNV
../data/OCT_cell_mask/CNV/CNV-172472-10.jpeg,1,.99922562,CNV
../data/OCT_cell_mask/CNV/CNV-1290410-1.jpeg,1,.99926525,CNV
../data/OCT_cell_mask/CNV/CNV-5969175-2.jpeg,1,.99999857,CNV
../data/OCT_cell_mask/CNV/CNV-794538-2.jpeg,1,.99953938,CNV
../data/OCT_cell_mask/CNV/CNV-904464-1.jpeg,1,.99174047,CNV
../data/OCT_cell_mask/CNV/CNV-103044-12.jpeg,1,.99965036,CNV
../data/OCT_cell_mask/CNV/CNV-5674369-2.jpeg,1,.99932516,CNV
../data/OCT_cell_mask/CNV/CNV-1704482-1.jpeg,1,.86466831,CNV
../data/OCT_cell_mask/CNV/CNV-732516-3.jpeg,1,.99930298,CNV
../data/OCT_cell_mask/CNV/CNV-3300060-1.jpeg,1,.99274653,CNV
../data/OCT_cell_mask/CNV/CNV-4283050-1.jpeg,1,.93008482,CNV
../data/OCT_cell_mask/CNV/CNV-2725524-1.jpeg,1,.99982578,CNV
../data/OCT_cell_mask/CNV/CNV-5431636-1.jpeg,1,.83080405,CNV
../data/OCT_cell_mask/CNV/CNV-163081-6.jpeg,1,.98694742,CNV
../data/OCT_cell_mask/CNV/CNV-1290410-3.jpeg,1,.99997461,CNV
../data/OCT_cell_mask/CNV/CNV-412653-1.jpeg,1,.99950671,CNV
../data/OCT_cell_mask/CNV/CNV-4244160-3.jpeg,1,.99905449,CNV
../data/OCT_cell_mask/CNV/CNV-5904584-2.jpeg,1,.99681985,CNV
../data/OCT_cell_mask/CNV/CNV-909994-1.jpeg,1,.99925858,CNV
../data/OCT_cell_mask/CNV/CNV-328435-1.jpeg,1,.659922,CNV
../data/OCT_cell_mask/CNV/CNV-103044-6.jpeg,1,.99940658,CNV
../data/OCT_cell_mask/CNV/CNV-338282-1.jpeg,1,.98991549,CNV
../data/OCT_cell_mask/CNV/CNV-163081-7.jpeg,1,.9996019,CNV
../data/OCT_cell_mask/CNV/CNV-4643364-1.jpeg,1,.98696923,CNV
../data/OCT_cell_mask/CNV/CNV-1731375-2.jpeg,1,.99748176,CNV
../data/OCT_cell_mask/CNV/CNV-794538-1.jpeg,1,.99855655,CNV
../data/OCT_cell_mask/CNV/CNV-5904584-1.jpeg,1,.99998295,CNV
../data/OCT_cell_mask/CNV/CNV-218676-1.jpeg,1,.99804246,CNV
../data/OCT_cell_mask/CNV/CNV-1997439-5.jpeg,1,.99984658,CNV
../data/OCT_cell_mask/CNV/CNV-1016042-4.jpeg,1,.96291673,CNV
../data/OCT_cell_mask/CNV/CNV-451136-5.jpeg,1,.99587017,CNV
../data/OCT_cell_mask/CNV/CNV-933576-3.jpeg,1,.96613431,CNV
../data/OCT_cell_mask/CNV/CNV-5813701-3.jpeg,1,.99604613,CNV
../data/OCT_cell_mask/CNV/CNV-5760454-1.jpeg,1,.99328279,CNV
../data/OCT_cell_mask/CNV/CNV-995513-1.jpeg,1,.99997211,CNV
../data/OCT_cell_mask/CNV/CNV-3847391-1.jpeg,1,.99738818,CNV
../data/OCT_cell_mask/CNV/CNV-172472-5.jpeg,1,.99257237,CNV
../data/OCT_cell_mask/CNV/CNV-1894770-1.jpeg,1,.99788302,CNV
../data/OCT_cell_mask/CNV/CNV-163081-8.jpeg,1,.99529701,CNV
../data/OCT_cell_mask/CNV/CNV-2116022-1.jpeg,1,.98102206,CNV
../data/OCT_cell_mask/CNV/CNV-3734032-1.jpeg,1,.99963486,CNV
../data/OCT_cell_mask/CNV/CNV-364469-1.jpeg,1,.97803819,CNV
../data/OCT_cell_mask/CNV/CNV-1136126-1.jpeg,1,.88290423,CNV
../data/OCT_cell_mask/CNV/CNV-103044-8.jpeg,1,.93511569,CNV
../data/OCT_cell_mask/CNV/CNV-732516-4.jpeg,1,.99445689,CNV
../data/OCT_cell_mask/CNV/CNV-904464-4.jpeg,1,.99533975,CNV
../data/OCT_cell_mask/CNV/CNV-5861916-1.jpeg,1,.99999881,CNV
../data/OCT_cell_mask/CNV/CNV-103044-3.jpeg,1,.92657697,CNV
../data/OCT_cell_mask/CNV/CNV-5409617-1.jpeg,1,.98275948,CNV
../data/OCT_cell_mask/CNV/CNV-1641792-1.jpeg,1,.99997449,CNV
../data/OCT_cell_mask/DRUSEN/DRUSEN-7064008-1.jpeg,1,.90888089,DRUSEN
../data/OCT_cell_mask/DRUSEN/DRUSEN-4240777-1.jpeg,1,.97905958,DRUSEN
../data/OCT_cell_mask/DRUSEN/DRUSEN-9800172-1.jpeg,1,.54967934,DRUSEN
../data/OCT_cell_mask/DRUSEN/DRUSEN-364469-4.jpeg,1,.79499286,DRUSEN
../data/OCT_cell_mask/DRUSEN/DRUSEN-781814-1.jpeg,1,.98616821,DRUSEN
../data/OCT_cell_mask/DRUSEN/DRUSEN-3424668-2.jpeg,1,.99328518,DRUSEN
../data/OCT_cell_mask/DRUSEN/DRUSEN-9504181-1.jpeg,1,.99944013,DRUSEN
../data/OCT_cell_mask/DRUSEN/DRUSEN-1793499-1.jpeg,1,.99994755,DRUSEN
../data/OCT_cell_mask/DRUSEN/DRUSEN-7199590-1.jpeg,1,.99906367,DRUSEN
../data/OCT_cell_mask/DRUSEN/DRUSEN-907869-2.jpeg,1,.89209181,DRUSEN
../data/OCT_cell_mask/DRUSEN/DRUSEN-8086850-2.jpeg,1,.63205105,DRUSEN
../data/OCT_cell_mask/DRUSEN/DRUSEN-457907-1.jpeg,1,.99087584,DRUSEN
../data/OCT_cell_mask/DRUSEN/DRUSEN-7555604-1.jpeg,1,.99659961,DRUSEN
../data/OCT_cell_mask/DRUSEN/DRUSEN-2185112-1.jpeg,1,.99727601,DRUSEN
../data/OCT_cell_mask/DRUSEN/DRUSEN-8811857-2.jpeg,1,.99593592,DRUSEN
../data/OCT_cell_mask/DRUSEN/DRUSEN-1530990-1.jpeg,1,.9976548,DRUSEN
../data/OCT_cell_mask/DRUSEN/DRUSEN-8549730-1.jpeg,1,.99538642,DRUSEN
../data/OCT_cell_mask/DRUSEN/DRUSEN-1237848-1.jpeg,1,.92522049,DRUSEN
../data/OCT_cell_mask/DRUSEN/DRUSEN-7555604-2.jpeg,1,.99587494,DRUSEN
../data/OCT_cell_mask/DRUSEN/DRUSEN-8261063-6.jpeg,1,.97649968,DRUSEN
../data/OCT_cell_mask/DRUSEN/DRUSEN-8319985-1.jpeg,1,.96629971,DRUSEN
../data/OCT_cell_mask/DRUSEN/DRUSEN-1786810-2.jpeg,1,.99690992,DRUSEN
../data/OCT_cell_mask/DRUSEN/DRUSEN-1237848-2.jpeg,1,.96197647,DRUSEN
../data/OCT_cell_mask/DRUSEN/DRUSEN-2257047-2.jpeg,1,.99310899,DRUSEN
../data/OCT_cell_mask/DRUSEN/DRUSEN-4951152-1.jpeg,1,.92273104,DRUSEN
../data/OCT_cell_mask/DRUSEN/DRUSEN-4293095-2.jpeg,1,.99997449,DRUSEN
../data/OCT_cell_mask/DRUSEN/DRUSEN-7710023-2.jpeg,1,.99678987,DRUSEN
../data/OCT_cell_mask/DRUSEN/DRUSEN-5331157-1.jpeg,1,.9317556,DRUSEN
../data/OCT_cell_mask/DRUSEN/DRUSEN-1789270-1.jpeg,1,.98652017,DRUSEN
../data/OCT_cell_mask/DRUSEN/DRUSEN-7915033-1.jpeg,1,.8816539,DRUSEN
../data/OCT_cell_mask/DRUSEN/DRUSEN-4878077-3.jpeg,1,.99964905,DRUSEN
../data/OCT_cell_mask/DRUSEN/DRUSEN-827677-1.jpeg,1,.47463092,DRUSEN
../data/OCT_cell_mask/DRUSEN/DRUSEN-2403178-1.jpeg,1,.96347702,DRUSEN
../data/OCT_cell_mask/DRUSEN/DRUSEN-3424668-1.jpeg,1,.99591714,DRUSEN
../data/OCT_cell_mask/DRUSEN/DRUSEN-2173657-1.jpeg,1,.82602435,DRUSEN
../data/OCT_cell_mask/DRUSEN/DRUSEN-8039905-1.jpeg,1,.99999154,DRUSEN
../data/OCT_cell_mask/DRUSEN/DRUSEN-2257047-3.jpeg,1,.99719173,DRUSEN
../data/OCT_cell_mask/DRUSEN/DRUSEN-1997439-3.jpeg,1,.72223228,DRUSEN
../data/OCT_cell_mask/DRUSEN/DRUSEN-8345703-1.jpeg,1,.061120559,DRUSEN
../data/OCT_cell_mask/DRUSEN/DRUSEN-6193297-5.jpeg,1,.99999917,DRUSEN
../data/OCT_cell_mask/DRUSEN/DRUSEN-7513011-1.jpeg,1,.99663001,DRUSEN
../data/OCT_cell_mask/DRUSEN/DRUSEN-7915033-2.jpeg,1,.99990594,DRUSEN
../data/OCT_cell_mask/DRUSEN/DRUSEN-907869-1.jpeg,1,.94785076,DRUSEN
../data/OCT_cell_mask/DRUSEN/DRUSEN-4878077-1.jpeg,1,.99990213,DRUSEN
../data/OCT_cell_mask/DRUSEN/DRUSEN-1225603-2.jpeg,1,.50489986,DRUSEN
../data/OCT_cell_mask/DRUSEN/DRUSEN-8086850-3.jpeg,1,.99992895,DRUSEN
../data/OCT_cell_mask/DRUSEN/DRUSEN-538779-1.jpeg,1,.27142045,DRUSEN
../data/OCT_cell_mask/DRUSEN/DRUSEN-2785977-1.jpeg,1,.99036086,DRUSEN
../data/OCT_cell_mask/DRUSEN/DRUSEN-9624303-1.jpeg,1,.98830134,DRUSEN
../data/OCT_cell_mask/DRUSEN/DRUSEN-7557808-1.jpeg,1,.91479927,DRUSEN
../data/OCT_cell_mask/DRUSEN/DRUSEN-9504181-2.jpeg,1,.9992274,DRUSEN
../data/OCT_cell_mask/DRUSEN/DRUSEN-5864720-2.jpeg,1,.99996293,DRUSEN
../data/OCT_cell_mask/DRUSEN/DRUSEN-8213975-1.jpeg,1,.95626193,DRUSEN
../data/OCT_cell_mask/DRUSEN/DRUSEN-8708331-1.jpeg,1,.95338213,DRUSEN
../data/OCT_cell_mask/DRUSEN/DRUSEN-1173253-1.jpeg,1,.99993896,DRUSEN
../data/OCT_cell_mask/DRUSEN/DRUSEN-7675318-1.jpeg,1,.83236098,DRUSEN
../data/OCT_cell_mask/DRUSEN/DRUSEN-8389446-3.jpeg,1,.99989617,DRUSEN
../data/OCT_cell_mask/DRUSEN/DRUSEN-609387-2.jpeg,1,.99349844,DRUSEN
../data/OCT_cell_mask/DRUSEN/DRUSEN-1912508-1.jpeg,1,.99844366,DRUSEN
../data/OCT_cell_mask/DRUSEN/DRUSEN-9087597-1.jpeg,1,.88738871,DRUSEN
../data/OCT_cell_mask/DRUSEN/DRUSEN-1487749-2.jpeg,1,.073607877,DRUSEN
../data/OCT_cell_mask/DRUSEN/DRUSEN-8811857-1.jpeg,1,.79169756,DRUSEN
../data/OCT_cell_mask/DRUSEN/DRUSEN-8261063-4.jpeg,1,.83117008,DRUSEN
../data/OCT_cell_mask/DRUSEN/DRUSEN-8086850-1.jpeg,1,.89475393,DRUSEN
../data/OCT_cell_mask/DRUSEN/DRUSEN-8656509-1.jpeg,1,.99600947,DRUSEN
../data/OCT_cell_mask/DRUSEN/DRUSEN-9734808-2.jpeg,1,.99997544,DRUSEN
../data/OCT_cell_mask/DRUSEN/DRUSEN-1487749-4.jpeg,1,.043530758,DRUSEN
../data/OCT_cell_mask/DRUSEN/DRUSEN-7345121-1.jpeg,1,.94754392,DRUSEN
../data/OCT_cell_mask/DRUSEN/DRUSEN-8549730-2.jpeg,1,.99979371,DRUSEN
../data/OCT_cell_mask/DRUSEN/DRUSEN-7393104-1.jpeg,1,.99103302,DRUSEN
../data/OCT_cell_mask/DRUSEN/DRUSEN-8086850-6.jpeg,1,.99995172,DRUSEN
../data/OCT_cell_mask/DRUSEN/DRUSEN-8605472-1.jpeg,1,.95950854,DRUSEN
../data/OCT_cell_mask/DRUSEN/DRUSEN-7710023-1.jpeg,1,.99528861,DRUSEN
../data/OCT_cell_mask/DRUSEN/DRUSEN-8086850-7.jpeg,1,.97210985,DRUSEN
../data/OCT_cell_mask/DRUSEN/DRUSEN-1997439-2.jpeg,1,.43877265,DRUSEN
../data/OCT_cell_mask/DRUSEN/DRUSEN-9624303-2.jpeg,1,.99205208,DRUSEN
../data/OCT_cell_mask/DRUSEN/DRUSEN-2951435-1.jpeg,1,.99916184,DRUSEN
../data/OCT_cell_mask/DRUSEN/DRUSEN-8074563-2.jpeg,1,.92789215,DRUSEN
../data/OCT_cell_mask/DRUSEN/DRUSEN-2180220-1.jpeg,1,.99192727,DRUSEN
../data/OCT_cell_mask/DRUSEN/DRUSEN-4293095-1.jpeg,1,.99999726,DRUSEN
../data/OCT_cell_mask/DRUSEN/DRUSEN-8440718-5.jpeg,1,.85749537,DRUSEN
../data/OCT_cell_mask/DRUSEN/DRUSEN-8086850-8.jpeg,1,.18035428,DRUSEN
../data/OCT_cell_mask/DRUSEN/DRUSEN-9059831-1.jpeg,1,.89876109,DRUSEN
../data/OCT_cell_mask/DRUSEN/DRUSEN-3276918-1.jpeg,1,.60492414,DRUSEN
../data/OCT_cell_mask/DRUSEN/DRUSEN-9442692-1.jpeg,1,.91602492,DRUSEN
../data/OCT_cell_mask/DRUSEN/DRUSEN-8261063-5.jpeg,1,.83117008,DRUSEN
../data/OCT_cell_mask/DRUSEN/DRUSEN-8023853-1.jpeg,1,.99313229,DRUSEN
../data/OCT_cell_mask/DRUSEN/DRUSEN-8870525-3.jpeg,1,.98068595,DRUSEN
../data/OCT_cell_mask/DRUSEN/DRUSEN-2257047-6.jpeg,1,.99449843,DRUSEN
../data/OCT_cell_mask/DRUSEN/DRUSEN-9225057-1.jpeg,1,.93662685,DRUSEN
../data/OCT_cell_mask/DRUSEN/DRUSEN-8440718-4.jpeg,1,.95526618,DRUSEN
../data/OCT_cell_mask/DRUSEN/DRUSEN-1083159-1.jpeg,1,.975999,DRUSEN
../data/OCT_cell_mask/DRUSEN/DRUSEN-609387-1.jpeg,1,.99996889,DRUSEN
../data/OCT_cell_mask/DRUSEN/DRUSEN-4343867-1.jpeg,1,.99979419,DRUSEN
../data/OCT_cell_mask/DRUSEN/DRUSEN-8345703-2.jpeg,1,.036769655,DRUSEN
../data/OCT_cell_mask/DRUSEN/DRUSEN-4314625-1.jpeg,1,.90244627,DRUSEN
../data/OCT_cell_mask/DRUSEN/DRUSEN-364469-2.jpeg,1,.90943396,DRUSEN
../data/OCT_cell_mask/DRUSEN/DRUSEN-9689334-1.jpeg,1,.9997558,DRUSEN
../data/OCT_cell_mask/DRUSEN/DRUSEN-349021-2.jpeg,1,.9871071,DRUSEN
../data/OCT_cell_mask/DRUSEN/DRUSEN-2257047-8.jpeg,1,.99466819,DRUSEN
../data/OCT_cell_mask/DRUSEN/DRUSEN-8549730-5.jpeg,1,.95359689,DRUSEN
../data/OCT_cell_mask/DRUSEN/DRUSEN-525301-1.jpeg,1,.99163437,DRUSEN
../data/OCT_cell_mask/DRUSEN/DRUSEN-8389446-1.jpeg,1,.99634558,DRUSEN
../data/OCT_cell_mask/DRUSEN/DRUSEN-956663-1.jpeg,1,.065233976,DRUSEN
../data/OCT_cell_mask/DRUSEN/DRUSEN-3424668-3.jpeg,1,.99384034,DRUSEN
../data/OCT_cell_mask/DRUSEN/DRUSEN-732516-3.jpeg,1,.94242871,DRUSEN
../data/OCT_cell_mask/DRUSEN/DRUSEN-2510299-1.jpeg,1,.51390707,DRUSEN
../data/OCT_cell_mask/DRUSEN/DRUSEN-3482415-1.jpeg,1,.97872329,DRUSEN
../data/OCT_cell_mask/DRUSEN/DRUSEN-2128644-3.jpeg,1,.99558496,DRUSEN
../data/OCT_cell_mask/DRUSEN/DRUSEN-1112835-1.jpeg,1,.99414152,DRUSEN
../data/OCT_cell_mask/DRUSEN/DRUSEN-9059831-2.jpeg,1,.9700076,DRUSEN
../data/OCT_cell_mask/DRUSEN/DRUSEN-9225057-2.jpeg,1,.82365018,DRUSEN
../data/OCT_cell_mask/DRUSEN/DRUSEN-2443068-1.jpeg,1,.99707079,DRUSEN
../data/OCT_cell_mask/DRUSEN/DRUSEN-3571629-1.jpeg,1,.99867082,DRUSEN
../data/OCT_cell_mask/DRUSEN/DRUSEN-4696998-1.jpeg,1,.76890081,DRUSEN
../data/OCT_cell_mask/DRUSEN/DRUSEN-8854406-1.jpeg,1,.99999249,DRUSEN
../data/OCT_cell_mask/DRUSEN/DRUSEN-6264369-1.jpeg,1,.99971753,DRUSEN
../data/OCT_cell_mask/DRUSEN/DRUSEN-8339642-1.jpeg,1,.034413852,DRUSEN
../data/OCT_cell_mask/DRUSEN/DRUSEN-2257047-1.jpeg,1,.9780618,DRUSEN
../data/OCT_cell_mask/DRUSEN/DRUSEN-4343867-2.jpeg,1,.95422834,DRUSEN
../data/OCT_cell_mask/DRUSEN/DRUSEN-2403178-4.jpeg,1,.94849634,DRUSEN
../data/OCT_cell_mask/DRUSEN/DRUSEN-6193297-1.jpeg,1,.99997783,DRUSEN
../data/OCT_cell_mask/DRUSEN/DRUSEN-8251771-1.jpeg,1,.94622433,DRUSEN
../data/OCT_cell_mask/DRUSEN/DRUSEN-8074563-3.jpeg,1,.95868105,DRUSEN
../data/OCT_cell_mask/DRUSEN/DRUSEN-1219727-1.jpeg,1,.95004129,DRUSEN
../data/OCT_cell_mask/DRUSEN/DRUSEN-1786810-3.jpeg,1,.99200469,DRUSEN
../data/OCT_cell_mask/DRUSEN/DRUSEN-1193659-1.jpeg,1,.99784601,DRUSEN
../data/OCT_cell_mask/DRUSEN/DRUSEN-2257047-7.jpeg,1,.0074337642,DRUSEN
../data/OCT_cell_mask/DRUSEN/DRUSEN-2156263-1.jpeg,1,.99653363,DRUSEN
../data/OCT_cell_mask/DRUSEN/DRUSEN-9734808-1.jpeg,1,.99558592,DRUSEN
../data/OCT_cell_mask/DRUSEN/DRUSEN-8117834-1.jpeg,1,.90641326,DRUSEN
../data/OCT_cell_mask/DRUSEN/DRUSEN-4878077-6.jpeg,1,.98605239,DRUSEN
../data/OCT_cell_mask/DRUSEN/DRUSEN-2403178-6.jpeg,1,.99937576,DRUSEN
../data/OCT_cell_mask/DRUSEN/DRUSEN-7675318-2.jpeg,1,.9859907,DRUSEN
../data/OCT_cell_mask/DRUSEN/DRUSEN-8870525-1.jpeg,1,.98502618,DRUSEN
../data/OCT_cell_mask/DRUSEN/DRUSEN-8292670-1.jpeg,1,.99009889,DRUSEN
../data/OCT_cell_mask/DRUSEN/DRUSEN-349021-1.jpeg,1,.93621582,DRUSEN
../data/OCT_cell_mask/DRUSEN/DRUSEN-303435-1.jpeg,1,.91086829,DRUSEN
../data/OCT_cell_mask/DRUSEN/DRUSEN-4379246-1.jpeg,1,.99702579,DRUSEN
../data/OCT_cell_mask/DRUSEN/DRUSEN-8549730-6.jpeg,1,.97209138,DRUSEN
../data/OCT_cell_mask/DRUSEN/DRUSEN-2108193-2.jpeg,1,.98314118,DRUSEN
../data/OCT_cell_mask/DRUSEN/DRUSEN-5710007-1.jpeg,1,.99999988,DRUSEN
../data/OCT_cell_mask/DRUSEN/DRUSEN-1225603-1.jpeg,1,.13077196,DRUSEN
../data/OCT_cell_mask/DRUSEN/DRUSEN-3276918-2.jpeg,1,.9603889,DRUSEN
../data/OCT_cell_mask/DRUSEN/DRUSEN-8086850-4.jpeg,1,.99866676,DRUSEN
../data/OCT_cell_mask/DRUSEN/DRUSEN-4973287-1.jpeg,1,.99580634,DRUSEN
../data/OCT_cell_mask/DRUSEN/DRUSEN-4379246-2.jpeg,1,.99622464,DRUSEN
../data/OCT_cell_mask/DRUSEN/DRUSEN-1237848-3.jpeg,1,.91819578,DRUSEN
../data/OCT_cell_mask/DRUSEN/DRUSEN-1487749-1.jpeg,1,.13218179,DRUSEN
../data/OCT_cell_mask/DRUSEN/DRUSEN-2253582-1.jpeg,1,.67436671,DRUSEN
../data/OCT_cell_mask/DRUSEN/DRUSEN-8261063-1.jpeg,1,.91661876,DRUSEN
../data/OCT_cell_mask/DRUSEN/DRUSEN-8870525-2.jpeg,1,.99588805,DRUSEN
../data/OCT_cell_mask/DRUSEN/DRUSEN-5801431-1.jpeg,1,.9999975,DRUSEN
../data/OCT_cell_mask/DRUSEN/DRUSEN-2141150-1.jpeg,1,.041639797,DRUSEN
../data/OCT_cell_mask/DRUSEN/DRUSEN-2308158-1.jpeg,1,.48951209,DRUSEN
../data/OCT_cell_mask/DRUSEN/DRUSEN-7373858-1.jpeg,1,.99692035,DRUSEN
../data/OCT_cell_mask/DRUSEN/DRUSEN-783692-1.jpeg,1,.99424404,DRUSEN
../data/OCT_cell_mask/DRUSEN/DRUSEN-1786810-1.jpeg,1,.99326986,DRUSEN
../data/OCT_cell_mask/DRUSEN/DRUSEN-7350225-1.jpeg,1,.99268097,DRUSEN
../data/OCT_cell_mask/DRUSEN/DRUSEN-8281517-1.jpeg,1,.99294418,DRUSEN
../data/OCT_cell_mask/DRUSEN/DRUSEN-2128644-1.jpeg,1,.99194759,DRUSEN
../data/OCT_cell_mask/DRUSEN/DRUSEN-3439251-1.jpeg,1,.90383488,DRUSEN
../data/OCT_cell_mask/DRUSEN/DRUSEN-2185112-2.jpeg,1,1,DRUSEN
../data/OCT_cell_mask/DRUSEN/DRUSEN-5477211-2.jpeg,1,.99909139,DRUSEN
../data/OCT_cell_mask/DRUSEN/DRUSEN-8440718-3.jpeg,1,.99995899,DRUSEN
../data/OCT_cell_mask/DRUSEN/DRUSEN-3017923-1.jpeg,1,.90564483,DRUSEN
../data/OCT_cell_mask/DRUSEN/DRUSEN-364469-1.jpeg,1,.99859589,DRUSEN
../data/OCT_cell_mask/DRUSEN/DRUSEN-8351260-1.jpeg,1,.044123493,DRUSEN
../data/OCT_cell_mask/DRUSEN/DRUSEN-8854406-2.jpeg,1,.99881411,DRUSEN
../data/OCT_cell_mask/DRUSEN/DRUSEN-732516-2.jpeg,1,.99831188,DRUSEN
../data/OCT_cell_mask/DRUSEN/DRUSEN-2403178-2.jpeg,1,.99470359,DRUSEN
../data/OCT_cell_mask/DRUSEN/DRUSEN-8351260-2.jpeg,1,.87953109,DRUSEN
../data/OCT_cell_mask/DRUSEN/DRUSEN-2257047-4.jpeg,1,.91673738,DRUSEN
../data/OCT_cell_mask/DRUSEN/DRUSEN-2489093-1.jpeg,1,.96939105,DRUSEN
../data/OCT_cell_mask/DRUSEN/DRUSEN-9201573-1.jpeg,1,.90911531,DRUSEN
../data/OCT_cell_mask/DRUSEN/DRUSEN-732516-1.jpeg,1,.96687692,DRUSEN
../data/OCT_cell_mask/DRUSEN/DRUSEN-8549730-4.jpeg,1,.99989998,DRUSEN
../data/OCT_cell_mask/DRUSEN/DRUSEN-9087597-2.jpeg,1,.72039628,DRUSEN
../data/OCT_cell_mask/DRUSEN/DRUSEN-5443411-1.jpeg,1,.97472554,DRUSEN
../data/OCT_cell_mask/DRUSEN/DRUSEN-2541184-1.jpeg,1,.4877978,DRUSEN
../data/OCT_cell_mask/DRUSEN/DRUSEN-8074563-1.jpeg,1,.95726514,DRUSEN
../data/OCT_cell_mask/DRUSEN/DRUSEN-3424668-4.jpeg,1,.99444455,DRUSEN
../data/OCT_cell_mask/DRUSEN/DRUSEN-584218-1.jpeg,1,.95384812,DRUSEN
../data/OCT_cell_mask/DRUSEN/DRUSEN-228939-1.jpeg,1,.8512072,DRUSEN
../data/OCT_cell_mask/DRUSEN/DRUSEN-2257047-5.jpeg,1,.91096753,DRUSEN
../data/OCT_cell_mask/DRUSEN/DRUSEN-5477211-1.jpeg,1,.7376498,DRUSEN
../data/OCT_cell_mask/DRUSEN/DRUSEN-6190971-2.jpeg,1,.95597458,DRUSEN
../data/OCT_cell_mask/DRUSEN/DRUSEN-4878077-4.jpeg,1,.99995983,DRUSEN
../data/OCT_cell_mask/DRUSEN/DRUSEN-2403178-3.jpeg,1,.99500459,DRUSEN
../data/OCT_cell_mask/DRUSEN/DRUSEN-2510299-2.jpeg,1,.9556179,DRUSEN
../data/OCT_cell_mask/DRUSEN/DRUSEN-364469-3.jpeg,1,.90021372,DRUSEN
../data/OCT_cell_mask/DRUSEN/DRUSEN-2489093-2.jpeg,1,.9882648,DRUSEN
../data/OCT_cell_mask/DRUSEN/DRUSEN-6193297-3.jpeg,1,.99997115,DRUSEN
../data/OCT_cell_mask/DRUSEN/DRUSEN-8549730-7.jpeg,1,.99182206,DRUSEN
../data/OCT_cell_mask/DRUSEN/DRUSEN-1997439-4.jpeg,1,.71258926,DRUSEN
../data/OCT_cell_mask/DRUSEN/DRUSEN-1997439-1.jpeg,1,.23939562,DRUSEN
../data/OCT_cell_mask/DRUSEN/DRUSEN-8549730-3.jpeg,1,.99975902,DRUSEN
../data/OCT_cell_mask/DRUSEN/DRUSEN-8577392-1.jpeg,1,.74826837,DRUSEN
../data/OCT_cell_mask/DRUSEN/DRUSEN-609387-3.jpeg,1,.99970078,DRUSEN
../data/OCT_cell_mask/DRUSEN/DRUSEN-2108193-1.jpeg,1,.99137139,DRUSEN
../data/OCT_cell_mask/DRUSEN/DRUSEN-3241692-1.jpeg,1,.96822906,DRUSEN
../data/OCT_cell_mask/DRUSEN/DRUSEN-9049813-1.jpeg,1,.98967373,DRUSEN
../data/OCT_cell_mask/DRUSEN/DRUSEN-8261063-2.jpeg,1,.83117008,DRUSEN
../data/OCT_cell_mask/DRUSEN/DRUSEN-1730592-1.jpeg,1,.98714966,DRUSEN
../data/OCT_cell_mask/DRUSEN/DRUSEN-7763772-1.jpeg,1,.97229415,DRUSEN
../data/OCT_cell_mask/DRUSEN/DRUSEN-1246453-1.jpeg,1,.98924202,DRUSEN
../data/OCT_cell_mask/DRUSEN/DRUSEN-1487749-3.jpeg,1,.76897669,DRUSEN
../data/OCT_cell_mask/DRUSEN/DRUSEN-6193297-4.jpeg,1,.99999881,DRUSEN
../data/OCT_cell_mask/DRUSEN/DRUSEN-4304015-1.jpeg,1,.92448461,DRUSEN
../data/OCT_cell_mask/DRUSEN/DRUSEN-4904794-1.jpeg,1,.99379843,DRUSEN
../data/OCT_cell_mask/DRUSEN/DRUSEN-5929729-1.jpeg,1,.99998498,DRUSEN
../data/OCT_cell_mask/DRUSEN/DRUSEN-3439251-2.jpeg,1,.83117008,DRUSEN
../data/OCT_cell_mask/DRUSEN/DRUSEN-8261063-7.jpeg,1,.92673069,DRUSEN
../data/OCT_cell_mask/DRUSEN/DRUSEN-4878077-5.jpeg,1,.99797803,DRUSEN
../data/OCT_cell_mask/DRUSEN/DRUSEN-8261063-3.jpeg,1,.83117008,DRUSEN
../data/OCT_cell_mask/DRUSEN/DRUSEN-5094722-1.jpeg,1,.99937397,DRUSEN
../data/OCT_cell_mask/DRUSEN/DRUSEN-4291972-1.jpeg,1,.82802796,DRUSEN
../data/OCT_cell_mask/DRUSEN/DRUSEN-9642260-1.jpeg,1,.69757527,DRUSEN
../data/OCT_cell_mask/DRUSEN/DRUSEN-5753467-1.jpeg,1,.96823454,DRUSEN
../data/OCT_cell_mask/DRUSEN/DRUSEN-4878077-2.jpeg,1,.99825829,DRUSEN
../data/OCT_cell_mask/DRUSEN/DRUSEN-3214955-1.jpeg,1,.99823135,DRUSEN
../data/OCT_cell_mask/DRUSEN/DRUSEN-2128644-2.jpeg,1,.9515698,DRUSEN
../data/OCT_cell_mask/DRUSEN/DRUSEN-95633-1.jpeg,1,.59721798,DRUSEN
../data/OCT_cell_mask/DRUSEN/DRUSEN-4666680-1.jpeg,1,.56252432,DRUSEN
../data/OCT_cell_mask/DRUSEN/DRUSEN-228939-2.jpeg,1,.41132343,DRUSEN
../data/OCT_cell_mask/DRUSEN/DRUSEN-2403178-5.jpeg,1,.99439657,DRUSEN
../data/OCT_cell_mask/DRUSEN/DRUSEN-5710007-2.jpeg,1,.99287134,DRUSEN
../data/OCT_cell_mask/DRUSEN/DRUSEN-5864720-1.jpeg,1,.99976331,DRUSEN
../data/OCT_cell_mask/DRUSEN/DRUSEN-7563760-1.jpeg,1,.9959681,DRUSEN
../data/OCT_cell_mask/DRUSEN/DRUSEN-6193297-2.jpeg,1,.99999988,DRUSEN
../data/OCT_cell_mask/DRUSEN/DRUSEN-4666680-2.jpeg,1,.034499288,DRUSEN
../data/OCT_cell_mask/DRUSEN/DRUSEN-8440718-2.jpeg,1,.97051775,DRUSEN
../data/OCT_cell_mask/DRUSEN/DRUSEN-8086850-5.jpeg,1,.99994946,DRUSEN
../data/OCT_cell_mask/DRUSEN/DRUSEN-2232211-1.jpeg,1,.32394674,DRUSEN
../data/OCT_cell_mask/DRUSEN/DRUSEN-7915033-3.jpeg,1,.99396682,DRUSEN
../data/OCT_cell_mask/DRUSEN/DRUSEN-8440718-1.jpeg,1,.99223596,DRUSEN
../data/OCT_cell_mask/DRUSEN/DRUSEN-8389446-2.jpeg,1,.79897547,DRUSEN
../data/OCT_cell_mask/DRUSEN/DRUSEN-9155039-1.jpeg,1,.93521947,DRUSEN
../data/OCT_cell_mask/DRUSEN/DRUSEN-6190971-1.jpeg,1,.93896717,DRUSEN
../data/OCT_cell_mask/DRUSEN/DRUSEN-9280370-1.jpeg,1,.90607971,DRUSEN
../data/OCT_cell_mask/DRUSEN/DRUSEN-987193-1.jpeg,1,.98950362,DRUSEN
../data/OCT_cell_mask/DRUSEN/DRUSEN-3317878-1.jpeg,1,.90639669,DRUSEN
